Insurer,Financial_Year,Quarter,Class_of_Business,Line_of_Business,Metric,Value,Unit
Aditya Birla Health insurance Co. Ltd.,2024-25,-, Government Sponsored Schemes Including RSBY Sponsored Schemes Including RSBY Sponsored Schemes Including RSBY,Health,No. of policies,0,Count
Aditya Birla Health insurance Co. Ltd.,2024-25,-,Government Sponsored Schemes Including RSBY Sponsored Schemes Including RSBY Sponsored Schemes Including RSBY,Health,No. of Persons Covered,0,000s
Aditya Birla Health insurance Co. Ltd.,2024-25,-,Government Sponsored Schemes Including RSBY Sponsored Schemes Including RSBY Sponsored Schemes Including RSBY,Health,Gross Premium,0,Lakh
Aditya Birla Health insurance Co. Ltd.,2024-25,-,Group Schemes Excluding Govt Sponsored & RSBY Schemes Excluding Govt Sponsored & RSBY,Health,No. of policies,"7,234",Count
Aditya Birla Health insurance Co. Ltd.,2024-25,-,Group Schemes Excluding Govt Sponsored & RSBY Schemes Excluding Govt Sponsored & RSBY,Health,No. of Persons Covered,"16,370",000s
Aditya Birla Health insurance Co. Ltd.,2024-25,-,Group Schemes Excluding Govt Sponsored & RSBY Schemes Excluding Govt Sponsored & RSBY,Health,Gross Premium,"2,95,687",Lakh
Aditya Birla Health insurance Co. Ltd.,2024-25,-,Individual,Health,No. of policies,"6,63,626",Count
Aditya Birla Health insurance Co. Ltd.,2024-25,-,Individual,Health,No. of Persons Covered,"2,068",000s
Aditya Birla Health insurance Co. Ltd.,2024-25,-,Individual,Health,Gross Premium,"98,182",Lakh
Aditya Birla Health insurance Co. Ltd.,2024-25,-,Individual,Health,No. of policies,"4,71,256",Count
Aditya Birla Health insurance Co. Ltd.,2024-25,-,Individual,Health,No. of Persons Covered,524,000s
Aditya Birla Health insurance Co. Ltd.,2024-25,-,Individual,Health,Gross Premium,"45,836",Lakh
Aditya Birla Health insurance Co. Ltd.,2024-25,-,All Classes,Health,No. of policies,"11,42,116",Count
Aditya Birla Health insurance Co. Ltd.,2024-25,-,All Classes,Health,No. of Persons Covered,"18,962",000s
Aditya Birla Health insurance Co. Ltd.,2024-25,-,All Classes,Health,Gross Premium,"4,39,705",Lakh
Care Health Insurance Ltd.,2024-25,-,Government Sponsored Schemes Including RSBY Sponsored Schemes Including RSBY Sponsored Schemes Including RSBY,Health,No. of policies,"9,880",Count
Care Health Insurance Ltd.,2024-25,-,Government Sponsored Schemes Including RSBY Sponsored Schemes Including RSBY Sponsored Schemes Including RSBY,Health,No. of Persons Covered,"19,261",000s
Care Health Insurance Ltd.,2024-25,-,Government Sponsored Schemes Including RSBY Sponsored Schemes Including RSBY Sponsored Schemes Including RSBY,Health,Gross Premium,"2,90,642",Lakh
Care Health Insurance Ltd.,2024-25,-,Group Schemes Excluding Govt Sponsored & RSBY Schemes Excluding Govt Sponsored & RSBY,Health,No. of policies,"17,48,288",Count
Care Health Insurance Ltd.,2024-25,-,Group Schemes Excluding Govt Sponsored & RSBY Schemes Excluding Govt Sponsored & RSBY,Health,No. of Persons Covered,"5,234",000s
Care Health Insurance Ltd.,2024-25,-,Group Schemes Excluding Govt Sponsored & RSBY Schemes Excluding Govt Sponsored & RSBY,Health,Gross Premium,"3,49,745",Lakh
Care Health Insurance Ltd.,2024-25,-,Individual,Health,No. of policies,"9,95,872",Count
Care Health Insurance Ltd.,2024-25,-,Individual,Health,No. of Persons Covered,"1,054",000s
Care Health Insurance Ltd.,2024-25,-,Individual,Health,Gross Premium,"1,61,391",Lakh
Care Health Insurance Ltd.,2024-25,-,Individual,Health,No. of policies,"27,54,040",Count
Care Health Insurance Ltd.,2024-25,-,Individual,Health,No. of Persons Covered,"25,549",000s
Care Health Insurance Ltd.,2024-25,-,Individual,Health,Gross Premium,"8,01,778",Lakh
Care Health Insurance Ltd.,2024-25,-,All Classes,Health,No. of policies,"55,08,080",Count
Care Health Insurance Ltd.,2024-25,-,All Classes,Health,No. of Persons Covered,"51,098",000s
Care Health Insurance Ltd.,2024-25,-,All Classes,Health,Gross Premium,"16,03,556",Lakh
Galaxy Health Insurance Co. Ltd.,2024-25,-,Government Sponsored Schemes Including RSBY Sponsored Schemes Including RSBY Sponsored Schemes Including RSBY,Health,No. of policies,"28,198",Count
Galaxy Health Insurance Co. Ltd.,2024-25,-,Government Sponsored Schemes Including RSBY Sponsored Schemes Including RSBY Sponsored Schemes Including RSBY,Health,No. of Persons Covered,29,000s
Galaxy Health Insurance Co. Ltd.,2024-25,-,Government Sponsored Schemes Including RSBY Sponsored Schemes Including RSBY Sponsored Schemes Including RSBY,Health,Gross Premium,209,Lakh
Galaxy Health Insurance Co. Ltd.,2024-25,-,Group Schemes Excluding Govt Sponsored & RSBY Schemes Excluding Govt Sponsored & RSBY,Health,No. of policies,"4,782",Count
Galaxy Health Insurance Co. Ltd.,2024-25,-,Group Schemes Excluding Govt Sponsored & RSBY Schemes Excluding Govt Sponsored & RSBY,Health,No. of Persons Covered,15,000s
Galaxy Health Insurance Co. Ltd.,2024-25,-,Group Schemes Excluding Govt Sponsored & RSBY Schemes Excluding Govt Sponsored & RSBY,Health,Gross Premium,"1,034",Lakh
Galaxy Health Insurance Co. Ltd.,2024-25,-,Individual,Health,No. of policies,"3,137",Count
Galaxy Health Insurance Co. Ltd.,2024-25,-,Individual,Health,No. of Persons Covered,3,000s
Galaxy Health Insurance Co. Ltd.,2024-25,-,Individual,Health,Gross Premium,360,Lakh
Galaxy Health Insurance Co. Ltd.,2024-25,-,Individual,Health,No. of policies,"36,117",Count
Galaxy Health Insurance Co. Ltd.,2024-25,-,Individual,Health,No. of Persons Covered,48,000s
Galaxy Health Insurance Co. Ltd.,2024-25,-,Individual,Health,Gross Premium,"1,603",Lakh
Galaxy Health Insurance Co. Ltd.,2024-25,-,All Classes,Health,No. of policies,"72,234",Count
Galaxy Health Insurance Co. Ltd.,2024-25,-,All Classes,Health,No. of Persons Covered,95,000s
Galaxy Health Insurance Co. Ltd.,2024-25,-,All Classes,Health,Gross Premium,"3,206",Lakh
ManipalCigna Health Insurance Co. Ltd.,2024-25,-,Government Sponsored Schemes Including RSBY Sponsored Schemes Including RSBY Sponsored Schemes Including RSBY,Health,No. of policies,"2,455",Count
ManipalCigna Health Insurance Co. Ltd.,2024-25,-,Government Sponsored Schemes Including RSBY Sponsored Schemes Including RSBY Sponsored Schemes Including RSBY,Health,No. of Persons Covered,"16,212",000s
ManipalCigna Health Insurance Co. Ltd.,2024-25,-,Government Sponsored Schemes Including RSBY Sponsored Schemes Including RSBY Sponsored Schemes Including RSBY,Health,Gross Premium,"92,359",Lakh
ManipalCigna Health Insurance Co. Ltd.,2024-25,-,Group Schemes Excluding Govt Sponsored & RSBY Schemes Excluding Govt Sponsored & RSBY,Health,No. of policies,"1,60,356",Count
ManipalCigna Health Insurance Co. Ltd.,2024-25,-,Group Schemes Excluding Govt Sponsored & RSBY Schemes Excluding Govt Sponsored & RSBY,Health,No. of Persons Covered,514,000s
ManipalCigna Health Insurance Co. Ltd.,2024-25,-,Group Schemes Excluding Govt Sponsored & RSBY Schemes Excluding Govt Sponsored & RSBY,Health,Gross Premium,"34,535",Lakh
ManipalCigna Health Insurance Co. Ltd.,2024-25,-,Individual,Health,No. of policies,"2,22,213",Count
ManipalCigna Health Insurance Co. Ltd.,2024-25,-,Individual,Health,No. of Persons Covered,383,000s
ManipalCigna Health Insurance Co. Ltd.,2024-25,-,Individual,Health,Gross Premium,"49,576",Lakh
ManipalCigna Health Insurance Co. Ltd.,2024-25,-,Individual,Health,No. of policies,"3,85,024",Count
ManipalCigna Health Insurance Co. Ltd.,2024-25,-,Individual,Health,No. of Persons Covered,"17,108",000s
ManipalCigna Health Insurance Co. Ltd.,2024-25,-,Individual,Health,Gross Premium,"1,76,470",Lakh
ManipalCigna Health Insurance Co. Ltd.,2024-25,-,All Classes,Health,No. of policies,"7,70,048",Count
ManipalCigna Health Insurance Co. Ltd.,2024-25,-,All Classes,Health,No. of Persons Covered,"34,217",000s
ManipalCigna Health Insurance Co. Ltd.,2024-25,-,All Classes,Health,Gross Premium,"3,52,940",Lakh
Narayana Health Insurance Ltd.,2024-25,-,Government Sponsored Schemes Including RSBY Sponsored Schemes Including RSBY Sponsored Schemes Including RSBY,Health,No. of policies,163,Count
Narayana Health Insurance Ltd.,2024-25,-,Government Sponsored Schemes Including RSBY Sponsored Schemes Including RSBY Sponsored Schemes Including RSBY,Health,No. of Persons Covered,0,000s
Narayana Health Insurance Ltd.,2024-25,-,Government Sponsored Schemes Including RSBY Sponsored Schemes Including RSBY Sponsored Schemes Including RSBY,Health,Gross Premium,53,Lakh
Narayana Health Insurance Ltd.,2024-25,-,Group Schemes Excluding Govt Sponsored & RSBY Schemes Excluding Govt Sponsored & RSBY,Health,No. of policies,"1,061",Count
Narayana Health Insurance Ltd.,2024-25,-,Group Schemes Excluding Govt Sponsored & RSBY Schemes Excluding Govt Sponsored & RSBY,Health,No. of Persons Covered,3,000s
Narayana Health Insurance Ltd.,2024-25,-,Group Schemes Excluding Govt Sponsored & RSBY Schemes Excluding Govt Sponsored & RSBY,Health,Gross Premium,144,Lakh
Narayana Health Insurance Ltd.,2024-25,-,Individual,Health,No. of policies,404,Count
Narayana Health Insurance Ltd.,2024-25,-,Individual,Health,No. of Persons Covered,0,000s
Narayana Health Insurance Ltd.,2024-25,-,Individual,Health,Gross Premium,40,Lakh
Narayana Health Insurance Ltd.,2024-25,-,Individual,Health,No. of policies,"1,628",Count
Narayana Health Insurance Ltd.,2024-25,-,Individual,Health,No. of Persons Covered,4,000s
Narayana Health Insurance Ltd.,2024-25,-,Individual,Health,Gross Premium,237,Lakh
Narayana Health Insurance Ltd.,2024-25,-,All Classes,Health,No. of policies,"3,256",Count
Narayana Health Insurance Ltd.,2024-25,-,All Classes,Health,No. of Persons Covered,7,000s
Narayana Health Insurance Ltd.,2024-25,-,All Classes,Health,Gross Premium,474,Lakh
Niva Bupa Health Insurance Co. Ltd.,2024-25,-,Government Sponsored Schemes Including RSBY Sponsored Schemes Including RSBY Sponsored Schemes Including RSBY,Health,No. of policies,"5,740",Count
Niva Bupa Health Insurance Co. Ltd.,2024-25,-,Government Sponsored Schemes Including RSBY Sponsored Schemes Including RSBY Sponsored Schemes Including RSBY,Health,No. of Persons Covered,"15,756",000s
Niva Bupa Health Insurance Co. Ltd.,2024-25,-,Government Sponsored Schemes Including RSBY Sponsored Schemes Including RSBY Sponsored Schemes Including RSBY,Health,Gross Premium,"2,18,384",Lakh
Niva Bupa Health Insurance Co. Ltd.,2024-25,-,Group Schemes Excluding Govt Sponsored & RSBY Schemes Excluding Govt Sponsored & RSBY,Health,No. of policies,"22,19,588",Count
Niva Bupa Health Insurance Co. Ltd.,2024-25,-,Group Schemes Excluding Govt Sponsored & RSBY Schemes Excluding Govt Sponsored & RSBY,Health,No. of Persons Covered,"5,732",000s
Niva Bupa Health Insurance Co. Ltd.,2024-25,-,Group Schemes Excluding Govt Sponsored & RSBY Schemes Excluding Govt Sponsored & RSBY,Health,Gross Premium,"4,26,744",Lakh
Niva Bupa Health Insurance Co. Ltd.,2024-25,-,Individual,Health,No. of policies,"1,86,937",Count
Niva Bupa Health Insurance Co. Ltd.,2024-25,-,Individual,Health,No. of Persons Covered,187,000s
Niva Bupa Health Insurance Co. Ltd.,2024-25,-,Individual,Health,Gross Premium,"16,506",Lakh
Niva Bupa Health Insurance Co. Ltd.,2024-25,-,Individual,Health,No. of policies,"24,12,265",Count
Niva Bupa Health Insurance Co. Ltd.,2024-25,-,Individual,Health,No. of Persons Covered,"21,675",000s
Niva Bupa Health Insurance Co. Ltd.,2024-25,-,Individual,Health,Gross Premium,"6,61,635",Lakh
Niva Bupa Health Insurance Co. Ltd.,2024-25,-,All Classes,Health,No. of policies,"48,24,530",Count
Niva Bupa Health Insurance Co. Ltd.,2024-25,-,All Classes,Health,No. of Persons Covered,"43,350",000s
Niva Bupa Health Insurance Co. Ltd.,2024-25,-,All Classes,Health,Gross Premium,"13,23,269",Lakh
Star Health & Allied Insurance Co. Ltd.,2024-25,-,Government Sponsored Schemes Including RSBY Sponsored Schemes Including RSBY Sponsored Schemes Including RSBY,Health,No. of policies,"4,655",Count
Star Health & Allied Insurance Co. Ltd.,2024-25,-,Government Sponsored Schemes Including RSBY Sponsored Schemes Including RSBY Sponsored Schemes Including RSBY,Health,No. of Persons Covered,"3,626",000s
Star Health & Allied Insurance Co. Ltd.,2024-25,-,Government Sponsored Schemes Including RSBY Sponsored Schemes Including RSBY Sponsored Schemes Including RSBY,Health,Gross Premium,"1,10,377",Lakh
Star Health & Allied Insurance Co. Ltd.,2024-25,-,Group Schemes Excluding Govt Sponsored & RSBY Schemes Excluding Govt Sponsored & RSBY,Health,No. of policies,"70,20,108",Count
Star Health & Allied Insurance Co. Ltd.,2024-25,-,Group Schemes Excluding Govt Sponsored & RSBY Schemes Excluding Govt Sponsored & RSBY,Health,No. of Persons Covered,"18,218",000s
Star Health & Allied Insurance Co. Ltd.,2024-25,-,Group Schemes Excluding Govt Sponsored & RSBY Schemes Excluding Govt Sponsored & RSBY,Health,Gross Premium,"13,50,592",Lakh
Star Health & Allied Insurance Co. Ltd.,2024-25,-,Individual,Health,No. of policies,"13,33,818",Count
Star Health & Allied Insurance Co. Ltd.,2024-25,-,Individual,Health,No. of Persons Covered,"1,936",000s
Star Health & Allied Insurance Co. Ltd.,2024-25,-,Individual,Health,Gross Premium,"1,90,712",Lakh
Star Health & Allied Insurance Co. Ltd.,2024-25,-,Individual,Health,No. of policies,"83,58,581",Count
Star Health & Allied Insurance Co. Ltd.,2024-25,-,Individual,Health,No. of Persons Covered,"23,780",000s
Star Health & Allied Insurance Co. Ltd.,2024-25,-,Individual,Health,Gross Premium,"16,51,681",Lakh
Star Health & Allied Insurance Co. Ltd.,2024-25,-,All Classes,Health,No. of policies,"1,67,17,162",Count
Star Health & Allied Insurance Co. Ltd.,2024-25,-,All Classes,Health,No. of Persons Covered,"47,560",000s
Star Health & Allied Insurance Co. Ltd.,2024-25,-,All Classes,Health,Gross Premium,"33,03,362",Lakh
Aditya Birla Health insurance Co. Ltd.,2023-24,-,Government Sponsored Schemes Including RSBY Sponsored Schemes Including RSBY Sponsored Schemes Including RSBY,Health,No. of policies,0,Count
Aditya Birla Health insurance Co. Ltd.,2023-24,-,Government Sponsored Schemes Including RSBY Sponsored Schemes Including RSBY Sponsored Schemes Including RSBY,Health,No. of Persons Covered,0,000s
Aditya Birla Health insurance Co. Ltd.,2023-24,-,Government Sponsored Schemes Including RSBY Sponsored Schemes Including RSBY Sponsored Schemes Including RSBY,Health,Gross Premium,0,Lakh
Aditya Birla Health insurance Co. Ltd.,2023-24,-,Group Schemes Excluding Govt Sponsored & RSBY Schemes Excluding Govt Sponsored & RSBY,Health,No. of policies,"2,802",Count
Aditya Birla Health insurance Co. Ltd.,2023-24,-,Group Schemes Excluding Govt Sponsored & RSBY Schemes Excluding Govt Sponsored & RSBY,Health,No. of Persons Covered,"11,041",000s
Aditya Birla Health insurance Co. Ltd.,2023-24,-,Group Schemes Excluding Govt Sponsored & RSBY Schemes Excluding Govt Sponsored & RSBY,Health,Gross Premium,"2,31,992",Lakh
Aditya Birla Health insurance Co. Ltd.,2023-24,-,Individual,Health,No. of policies,"3,54,921",Count
Aditya Birla Health insurance Co. Ltd.,2023-24,-,Individual,Health,No. of Persons Covered,"1,119",000s
Aditya Birla Health insurance Co. Ltd.,2023-24,-,Individual,Health,Gross Premium,"73,919",Lakh
Aditya Birla Health insurance Co. Ltd.,2023-24,-,Individual,Health,No. of policies,"2,61,682",Count
Aditya Birla Health insurance Co. Ltd.,2023-24,-,Individual,Health,No. of Persons Covered,293,000s
Aditya Birla Health insurance Co. Ltd.,2023-24,-,Individual,Health,Gross Premium,"38,804",Lakh
Aditya Birla Health insurance Co. Ltd.,2023-24,-,All Classes,Health,No. of policies,"6,19,405",Count
Aditya Birla Health insurance Co. Ltd.,2023-24,-,All Classes,Health,No. of Persons Covered,"12,453",000s
Aditya Birla Health insurance Co. Ltd.,2023-24,-,All Classes,Health,Gross Premium,"3,44,715",Lakh
Care Health Insurance Ltd.,2023-24,-,Government Sponsored Schemes Including RSBY Sponsored Schemes Including RSBY Sponsored Schemes Including RSBY,Health,No. of policies,0,Count
Care Health Insurance Ltd.,2023-24,-,Government Sponsored Schemes Including RSBY Sponsored Schemes Including RSBY Sponsored Schemes Including RSBY,Health,No. of Persons Covered,0,000s
Care Health Insurance Ltd.,2023-24,-,Government Sponsored Schemes Including RSBY Sponsored Schemes Including RSBY Sponsored Schemes Including RSBY,Health,Gross Premium,0,Lakh
Care Health Insurance Ltd.,2023-24,-,Group Schemes Excluding Govt Sponsored & RSBY Schemes Excluding Govt Sponsored & RSBY,Health,No. of policies,"10,299",Count
Care Health Insurance Ltd.,2023-24,-,Group Schemes Excluding Govt Sponsored & RSBY Schemes Excluding Govt Sponsored & RSBY,Health,No. of Persons Covered,"17,440",000s
Care Health Insurance Ltd.,2023-24,-,Group Schemes Excluding Govt Sponsored & RSBY Schemes Excluding Govt Sponsored & RSBY,Health,Gross Premium,"2,57,175",Lakh
Care Health Insurance Ltd.,2023-24,-,Individual,Health,No. of policies,"12,72,400",Count
Care Health Insurance Ltd.,2023-24,-,Individual,Health,No. of Persons Covered,"3,851",000s
Care Health Insurance Ltd.,2023-24,-,Individual,Health,Gross Premium,"2,65,057",Lakh
Care Health Insurance Ltd.,2023-24,-,Individual,Health,No. of policies,"7,93,671",Count
Care Health Insurance Ltd.,2023-24,-,Individual,Health,No. of Persons Covered,855,000s
Care Health Insurance Ltd.,2023-24,-,Individual,Health,Gross Premium,"1,32,326",Lakh
Care Health Insurance Ltd.,2023-24,-,All Classes,Health,No. of policies,"20,76,370",Count
Care Health Insurance Ltd.,2023-24,-,All Classes,Health,No. of Persons Covered,"22,146",000s
Care Health Insurance Ltd.,2023-24,-,All Classes,Health,Gross Premium,"6,54,558",Lakh
ManipalCigna Health Insurance Co. Ltd.,2023-24,-,Government Sponsored Schemes Including RSBY Sponsored Schemes Including RSBY Sponsored Schemes Including RSBY,Health,No. of policies,0,Count
ManipalCigna Health Insurance Co. Ltd.,2023-24,-,Government Sponsored Schemes Including RSBY Sponsored Schemes Including RSBY Sponsored Schemes Including RSBY,Health,No. of Persons Covered,0,000s
ManipalCigna Health Insurance Co. Ltd.,2023-24,-,Government Sponsored Schemes Including RSBY Sponsored Schemes Including RSBY Sponsored Schemes Including RSBY,Health,Gross Premium,0,Lakh
ManipalCigna Health Insurance Co. Ltd.,2023-24,-,Group Schemes Excluding Govt Sponsored & RSBY Schemes Excluding Govt Sponsored & RSBY,Health,No. of policies,"4,020",Count
ManipalCigna Health Insurance Co. Ltd.,2023-24,-,Group Schemes Excluding Govt Sponsored & RSBY Schemes Excluding Govt Sponsored & RSBY,Health,No. of Persons Covered,"24,275",000s
ManipalCigna Health Insurance Co. Ltd.,2023-24,-,Group Schemes Excluding Govt Sponsored & RSBY Schemes Excluding Govt Sponsored & RSBY,Health,Gross Premium,"90,984",Lakh
ManipalCigna Health Insurance Co. Ltd.,2023-24,-,Individual,Health,No. of policies,"1,81,412",Count
ManipalCigna Health Insurance Co. Ltd.,2023-24,-,Individual,Health,No. of Persons Covered,591,000s
ManipalCigna Health Insurance Co. Ltd.,2023-24,-,Individual,Health,Gross Premium,"29,642",Lakh
ManipalCigna Health Insurance Co. Ltd.,2023-24,-,Individual,Health,No. of policies,"2,51,881",Count
ManipalCigna Health Insurance Co. Ltd.,2023-24,-,Individual,Health,No. of Persons Covered,444,000s
ManipalCigna Health Insurance Co. Ltd.,2023-24,-,Individual,Health,Gross Premium,"44,965",Lakh
ManipalCigna Health Insurance Co. Ltd.,2023-24,-,All Classes,Health,No. of policies,"4,37,313",Count
ManipalCigna Health Insurance Co. Ltd.,2023-24,-,All Classes,Health,No. of Persons Covered,"25,310",000s
ManipalCigna Health Insurance Co. Ltd.,2023-24,-,All Classes,Health,Gross Premium,"1,65,591",Lakh
Narayana Health Insurance Ltd.,2023-24,-,Government Sponsored Schemes Including RSBY Sponsored Schemes Including RSBY Sponsored Schemes Including RSBY,Health,No. of policies,0,Count
Narayana Health Insurance Ltd.,2023-24,-,Government Sponsored Schemes Including RSBY Sponsored Schemes Including RSBY Sponsored Schemes Including RSBY,Health,No. of Persons Covered,0,000s
Narayana Health Insurance Ltd.,2023-24,-,Government Sponsored Schemes Including RSBY Sponsored Schemes Including RSBY Sponsored Schemes Including RSBY,Health,Gross Premium,0,Lakh
Narayana Health Insurance Ltd.,2023-24,-,Group Schemes Excluding Govt Sponsored & RSBY Schemes Excluding Govt Sponsored & RSBY,Health,No. of policies,0,Count
Narayana Health Insurance Ltd.,2023-24,-,Group Schemes Excluding Govt Sponsored & RSBY Schemes Excluding Govt Sponsored & RSBY,Health,No. of Persons Covered,0,000s
Narayana Health Insurance Ltd.,2023-24,-,Group Schemes Excluding Govt Sponsored & RSBY Schemes Excluding Govt Sponsored & RSBY,Health,Gross Premium,0,Lakh
Narayana Health Insurance Ltd.,2023-24,-,Individual,Health,No. of policies,0,Count
Narayana Health Insurance Ltd.,2023-24,-,Individual,Health,No. of Persons Covered,0,000s
Narayana Health Insurance Ltd.,2023-24,-,Individual,Health,Gross Premium,0,Lakh
Narayana Health Insurance Ltd.,2023-24,-,Individual,Health,No. of policies,0,Count
Narayana Health Insurance Ltd.,2023-24,-,Individual,Health,No. of Persons Covered,0,000s
Narayana Health Insurance Ltd.,2023-24,-,Individual,Health,Gross Premium,0,Lakh
Narayana Health Insurance Ltd.,2023-24,-,All Classes,Health,No. of policies,0,Count
Narayana Health Insurance Ltd.,2023-24,-,All Classes,Health,No. of Persons Covered,0,000s
Narayana Health Insurance Ltd.,2023-24,-,All Classes,Health,Gross Premium,0,Lakh
Niva Bupa Health Insurance Co. Ltd.,2023-24,-,Government Sponsored Schemes Including RSBY Sponsored Schemes Including RSBY Sponsored Schemes Including RSBY,Health,No. of policies,0,Count
Niva Bupa Health Insurance Co. Ltd.,2023-24,-,Government Sponsored Schemes Including RSBY Sponsored Schemes Including RSBY Sponsored Schemes Including RSBY,Health,No. of Persons Covered,0,000s
Niva Bupa Health Insurance Co. Ltd.,2023-24,-,Government Sponsored Schemes Including RSBY Sponsored Schemes Including RSBY Sponsored Schemes Including RSBY,Health,Gross Premium,0,Lakh
Niva Bupa Health Insurance Co. Ltd.,2023-24,-,Group Schemes Excluding Govt Sponsored & RSBY Schemes Excluding Govt Sponsored & RSBY,Health,No. of policies,"4,020",Count
Niva Bupa Health Insurance Co. Ltd.,2023-24,-,Group Schemes Excluding Govt Sponsored & RSBY Schemes Excluding Govt Sponsored & RSBY,Health,No. of Persons Covered,"8,995",000s
Niva Bupa Health Insurance Co. Ltd.,2023-24,-,Group Schemes Excluding Govt Sponsored & RSBY Schemes Excluding Govt Sponsored & RSBY,Health,Gross Premium,"1,65,469",Lakh
Niva Bupa Health Insurance Co. Ltd.,2023-24,-,Individual,Health,No. of policies,"19,16,568",Count
Niva Bupa Health Insurance Co. Ltd.,2023-24,-,Individual,Health,No. of Persons Covered,"4,797",000s
Niva Bupa Health Insurance Co. Ltd.,2023-24,-,Individual,Health,Gross Premium,"3,63,817",Lakh
Niva Bupa Health Insurance Co. Ltd.,2023-24,-,Individual,Health,No. of policies,"1,92,085",Count
Niva Bupa Health Insurance Co. Ltd.,2023-24,-,Individual,Health,No. of Persons Covered,192,000s
Niva Bupa Health Insurance Co. Ltd.,2023-24,-,Individual,Health,Gross Premium,"20,157",Lakh
Niva Bupa Health Insurance Co. Ltd.,2023-24,-,All Classes,Health,No. of policies,"21,12,673",Count
Niva Bupa Health Insurance Co. Ltd.,2023-24,-,All Classes,Health,No. of Persons Covered,"13,984",000s
Niva Bupa Health Insurance Co. Ltd.,2023-24,-,All Classes,Health,Gross Premium,"5,49,443",Lakh
Star Health & Allied Insurance Co. Ltd.,2023-24,-,Government Sponsored Schemes Including RSBY Sponsored Schemes Including RSBY Sponsored Schemes Including RSBY,Health,No. of policies,0,Count
Star Health & Allied Insurance Co. Ltd.,2023-24,-,Government Sponsored Schemes Including RSBY Sponsored Schemes Including RSBY Sponsored Schemes Including RSBY,Health,No. of Persons Covered,0,000s
Star Health & Allied Insurance Co. Ltd.,2023-24,-,Government Sponsored Schemes Including RSBY Sponsored Schemes Including RSBY Sponsored Schemes Including RSBY,Health,Gross Premium,0,Lakh
Star Health & Allied Insurance Co. Ltd.,2023-24,-,Group Schemes Excluding Govt Sponsored & RSBY Schemes Excluding Govt Sponsored & RSBY,Health,No. of policies,"6,254",Count
Star Health & Allied Insurance Co. Ltd.,2023-24,-,Group Schemes Excluding Govt Sponsored & RSBY Schemes Excluding Govt Sponsored & RSBY,Health,No. of Persons Covered,"2,120",000s
Star Health & Allied Insurance Co. Ltd.,2023-24,-,Group Schemes Excluding Govt Sponsored & RSBY Schemes Excluding Govt Sponsored & RSBY,Health,Gross Premium,"1,08,567",Lakh
Star Health & Allied Insurance Co. Ltd.,2023-24,-,Individual,Health,No. of policies,6666516,Count
Star Health & Allied Insurance Co. Ltd.,2023-24,-,Individual,Health,No. of Persons Covered,17809,000s
Star Health & Allied Insurance Co. Ltd.,2023-24,-,Individual,Health,Gross Premium,1260636,Lakh
Star Health & Allied Insurance Co. Ltd.,2023-24,-,Individual,Health,No. of policies,972882,Count
Star Health & Allied Insurance Co. Ltd.,2023-24,-,Individual,Health,No. of Persons Covered,1021,000s
Star Health & Allied Insurance Co. Ltd.,2023-24,-,Individual,Health,Gross Premium,134499,Lakh
Star Health & Allied Insurance Co. Ltd.,2023-24,-,All Classes,Health,No. of policies,7645652,Count
Star Health & Allied Insurance Co. Ltd.,2023-24,-,All Classes,Health,No. of Persons Covered,20950,000s
Star Health & Allied Insurance Co. Ltd.,2023-24,-,All Classes,Health,Gross Premium,1503702,Lakh
Aditya Birla Health insurance Co. Ltd.,2022-23,-,Government Sponsored Schemes Including RSBY Sponsored Schemes Including RSBY Sponsored Schemes Including RSBY,Health,No. of policies,0,Count
Aditya Birla Health insurance Co. Ltd.,2022-23,-,Government Sponsored Schemes Including RSBY Sponsored Schemes Including RSBY Sponsored Schemes Including RSBY,Health,No. of Persons Covered,0,000s
Aditya Birla Health insurance Co. Ltd.,2022-23,-,Government Sponsored Schemes Including RSBY Sponsored Schemes Including RSBY Sponsored Schemes Including RSBY,Health,Gross Premium,0,Lakh
Aditya Birla Health insurance Co. Ltd.,2022-23,-,Group Schemes Excluding Govt Sponsored & RSBY Schemes Excluding Govt Sponsored & RSBY,Health,No. of policies,2166,Count
Aditya Birla Health insurance Co. Ltd.,2022-23,-,Group Schemes Excluding Govt Sponsored & RSBY Schemes Excluding Govt Sponsored & RSBY,Health,No. of Persons Covered,10303,000s
Aditya Birla Health insurance Co. Ltd.,2022-23,-,Group Schemes Excluding Govt Sponsored & RSBY Schemes Excluding Govt Sponsored & RSBY,Health,Gross Premium,164735,Lakh
Aditya Birla Health insurance Co. Ltd.,2022-23,-,Individual,Health,No. of policies,260006,Count
Aditya Birla Health insurance Co. Ltd.,2022-23,-,Individual,Health,No. of Persons Covered,827,000s
Aditya Birla Health insurance Co. Ltd.,2022-23,-,Individual,Health,Gross Premium,52386,Lakh
Aditya Birla Health insurance Co. Ltd.,2022-23,-,Individual,Health,No. of policies,192683,Count
Aditya Birla Health insurance Co. Ltd.,2022-23,-,Individual,Health,No. of Persons Covered,206,000s
Aditya Birla Health insurance Co. Ltd.,2022-23,-,Individual,Health,Gross Premium,31150,Lakh
Aditya Birla Health insurance Co. Ltd.,2022-23,-,All Classes,Health,No. of policies,454855,Count
Aditya Birla Health insurance Co. Ltd.,2022-23,-,All Classes,Health,No. of Persons Covered,11336,000s
Aditya Birla Health insurance Co. Ltd.,2022-23,-,All Classes,Health,Gross Premium,248271,Lakh
Care Health Insurance Ltd.,2022-23,-,Government Sponsored Schemes Including RSBY Sponsored Schemes Including RSBY Sponsored Schemes Including RSBY,Health,No. of policies,0,Count
Care Health Insurance Ltd.,2022-23,-,Government Sponsored Schemes Including RSBY Sponsored Schemes Including RSBY Sponsored Schemes Including RSBY,Health,No. of Persons Covered,0,000s
Care Health Insurance Ltd.,2022-23,-,Government Sponsored Schemes Including RSBY Sponsored Schemes Including RSBY Sponsored Schemes Including RSBY,Health,Gross Premium,0,Lakh
Care Health Insurance Ltd.,2022-23,-,Group Schemes Excluding Govt Sponsored & RSBY Schemes Excluding Govt Sponsored & RSBY,Health,No. of policies,11516,Count
Care Health Insurance Ltd.,2022-23,-,Group Schemes Excluding Govt Sponsored & RSBY Schemes Excluding Govt Sponsored & RSBY,Health,No. of Persons Covered,15965,000s
Care Health Insurance Ltd.,2022-23,-,Group Schemes Excluding Govt Sponsored & RSBY Schemes Excluding Govt Sponsored & RSBY,Health,Gross Premium,196994,Lakh
Care Health Insurance Ltd.,2022-23,-,Individual,Health,No. of policies,902721,Count
Care Health Insurance Ltd.,2022-23,-,Individual,Health,No. of Persons Covered,2752,000s
Care Health Insurance Ltd.,2022-23,-,Individual,Health,Gross Premium,172171,Lakh
Care Health Insurance Ltd.,2022-23,-,Individual,Health,No. of policies,674617,Count
Care Health Insurance Ltd.,2022-23,-,Individual,Health,No. of Persons Covered,742,000s
Care Health Insurance Ltd.,2022-23,-,Individual,Health,Gross Premium,100599,Lakh
Care Health Insurance Ltd.,2022-23,-,All Classes,Health,No. of policies,1588854,Count
Care Health Insurance Ltd.,2022-23,-,All Classes,Health,No. of Persons Covered,19459,000s
Care Health Insurance Ltd.,2022-23,-,All Classes,Health,Gross Premium,469764,Lakh
ManipalCigna Health Insurance Co. Ltd.,2022-23,-,Government Sponsored Schemes Including RSBY Sponsored Schemes Including RSBY Sponsored Schemes Including RSBY,Health,No. of policies,0,Count
ManipalCigna Health Insurance Co. Ltd.,2022-23,-,Government Sponsored Schemes Including RSBY Sponsored Schemes Including RSBY Sponsored Schemes Including RSBY,Health,No. of Persons Covered,0,000s
ManipalCigna Health Insurance Co. Ltd.,2022-23,-,Government Sponsored Schemes Including RSBY Sponsored Schemes Including RSBY Sponsored Schemes Including RSBY,Health,Gross Premium,0,Lakh
ManipalCigna Health Insurance Co. Ltd.,2022-23,-,Group Schemes Excluding Govt Sponsored & RSBY Schemes Excluding Govt Sponsored & RSBY,Health,No. of policies,3599,Count
ManipalCigna Health Insurance Co. Ltd.,2022-23,-,Group Schemes Excluding Govt Sponsored & RSBY Schemes Excluding Govt Sponsored & RSBY,Health,No. of Persons Covered,11751,000s
ManipalCigna Health Insurance Co. Ltd.,2022-23,-,Group Schemes Excluding Govt Sponsored & RSBY Schemes Excluding Govt Sponsored & RSBY,Health,Gross Premium,74878,Lakh
ManipalCigna Health Insurance Co. Ltd.,2022-23,-,Individual,Health,No. of policies,136091,Count
ManipalCigna Health Insurance Co. Ltd.,2022-23,-,Individual,Health,No. of Persons Covered,447,000s
ManipalCigna Health Insurance Co. Ltd.,2022-23,-,Individual,Health,Gross Premium,23788,Lakh
ManipalCigna Health Insurance Co. Ltd.,2022-23,-,Individual,Health,No. of policies,184487,Count
ManipalCigna Health Insurance Co. Ltd.,2022-23,-,Individual,Health,No. of Persons Covered,333,000s
ManipalCigna Health Insurance Co. Ltd.,2022-23,-,Individual,Health,Gross Premium,34070,Lakh
ManipalCigna Health Insurance Co. Ltd.,2022-23,-,All Classes,Health,No. of policies,324177,Count
ManipalCigna Health Insurance Co. Ltd.,2022-23,-,All Classes,Health,No. of Persons Covered,12531,000s
ManipalCigna Health Insurance Co. Ltd.,2022-23,-,All Classes,Health,Gross Premium,132736,Lakh
Narayana Health Insurance Ltd.,2022-23,-,Government Sponsored Schemes Including RSBY Sponsored Schemes Including RSBY Sponsored Schemes Including RSBY,Health,No. of policies,0,Count
Narayana Health Insurance Ltd.,2022-23,-,Government Sponsored Schemes Including RSBY Sponsored Schemes Including RSBY Sponsored Schemes Including RSBY,Health,No. of Persons Covered,0,000s
Narayana Health Insurance Ltd.,2022-23,-,Government Sponsored Schemes Including RSBY Sponsored Schemes Including RSBY Sponsored Schemes Including RSBY,Health,Gross Premium,0,Lakh
Narayana Health Insurance Ltd.,2022-23,-,Group Schemes Excluding Govt Sponsored & RSBY Schemes Excluding Govt Sponsored & RSBY,Health,No. of policies,0,Count
Narayana Health Insurance Ltd.,2022-23,-,Group Schemes Excluding Govt Sponsored & RSBY Schemes Excluding Govt Sponsored & RSBY,Health,No. of Persons Covered,0,000s
Narayana Health Insurance Ltd.,2022-23,-,Group Schemes Excluding Govt Sponsored & RSBY Schemes Excluding Govt Sponsored & RSBY,Health,Gross Premium,0,Lakh
Narayana Health Insurance Ltd.,2022-23,-,Individual,Health,No. of policies,0,Count
Narayana Health Insurance Ltd.,2022-23,-,Individual,Health,No. of Persons Covered,0,000s
Narayana Health Insurance Ltd.,2022-23,-,Individual,Health,Gross Premium,0,Lakh
Narayana Health Insurance Ltd.,2022-23,-,Individual,Health,No. of policies,0,Count
Narayana Health Insurance Ltd.,2022-23,-,Individual,Health,No. of Persons Covered,0,000s
Narayana Health Insurance Ltd.,2022-23,-,Individual,Health,Gross Premium,0,Lakh
Narayana Health Insurance Ltd.,2022-23,-,All Classes,Health,No. of policies,0,Count
Narayana Health Insurance Ltd.,2022-23,-,All Classes,Health,No. of Persons Covered,0,000s
Narayana Health Insurance Ltd.,2022-23,-,All Classes,Health,Gross Premium,0,Lakh
Niva Bupa Health Insurance Co. Ltd.,2022-23,-,Government Sponsored Schemes Including RSBY Sponsored Schemes Including RSBY Sponsored Schemes Including RSBY,Health,No. of policies,0,Count
Niva Bupa Health Insurance Co. Ltd.,2022-23,-,Government Sponsored Schemes Including RSBY Sponsored Schemes Including RSBY Sponsored Schemes Including RSBY,Health,No. of Persons Covered,0,000s
Niva Bupa Health Insurance Co. Ltd.,2022-23,-,Government Sponsored Schemes Including RSBY Sponsored Schemes Including RSBY Sponsored Schemes Including RSBY,Health,Gross Premium,0,Lakh
Niva Bupa Health Insurance Co. Ltd.,2022-23,-,Group Schemes Excluding Govt Sponsored & RSBY Schemes Excluding Govt Sponsored & RSBY,Health,No. of policies,2782,Count
Niva Bupa Health Insurance Co. Ltd.,2022-23,-,Group Schemes Excluding Govt Sponsored & RSBY Schemes Excluding Govt Sponsored & RSBY,Health,No. of Persons Covered,5432,000s
Niva Bupa Health Insurance Co. Ltd.,2022-23,-,Group Schemes Excluding Govt Sponsored & RSBY Schemes Excluding Govt Sponsored & RSBY,Health,Gross Premium,101762,Lakh
Niva Bupa Health Insurance Co. Ltd.,2022-23,-,Individual,Health,No. of policies,1452905,Count
Niva Bupa Health Insurance Co. Ltd.,2022-23,-,Individual,Health,No. of Persons Covered,3857,000s
Niva Bupa Health Insurance Co. Ltd.,2022-23,-,Individual,Health,Gross Premium,275128,Lakh
Niva Bupa Health Insurance Co. Ltd.,2022-23,-,Individual,Health,No. of policies,205335,Count
Niva Bupa Health Insurance Co. Ltd.,2022-23,-,Individual,Health,No. of Persons Covered,205,000s
Niva Bupa Health Insurance Co. Ltd.,2022-23,-,Individual,Health,Gross Premium,21846,Lakh
Niva Bupa Health Insurance Co. Ltd.,2022-23,-,All Classes,Health,No. of policies,1661022,Count
Niva Bupa Health Insurance Co. Ltd.,2022-23,-,All Classes,Health,No. of Persons Covered,9495,000s
Niva Bupa Health Insurance Co. Ltd.,2022-23,-,All Classes,Health,Gross Premium,398736,Lakh
Star Health & Allied Insurance Co. Ltd.,2022-23,-,Government Sponsored Schemes Including RSBY Sponsored Schemes Including RSBY Sponsored Schemes Including RSBY,Health,No. of policies,0,Count
Star Health & Allied Insurance Co. Ltd.,2022-23,-,Government Sponsored Schemes Including RSBY Sponsored Schemes Including RSBY Sponsored Schemes Including RSBY,Health,No. of Persons Covered,0,000s
Star Health & Allied Insurance Co. Ltd.,2022-23,-,Government Sponsored Schemes Including RSBY Sponsored Schemes Including RSBY Sponsored Schemes Including RSBY,Health,Gross Premium,0,Lakh
Star Health & Allied Insurance Co. Ltd.,2022-23,-,Group Schemes Excluding Govt Sponsored & RSBY Schemes Excluding Govt Sponsored & RSBY,Health,No. of policies,38477,Count
Star Health & Allied Insurance Co. Ltd.,2022-23,-,Group Schemes Excluding Govt Sponsored & RSBY Schemes Excluding Govt Sponsored & RSBY,Health,No. of Persons Covered,1689,000s
Star Health & Allied Insurance Co. Ltd.,2022-23,-,Group Schemes Excluding Govt Sponsored & RSBY Schemes Excluding Govt Sponsored & RSBY,Health,Gross Premium,80631,Lakh
Star Health & Allied Insurance Co. Ltd.,2022-23,-,Individual,Health,No. of policies,6302080,Count
Star Health & Allied Insurance Co. Ltd.,2022-23,-,Individual,Health,No. of Persons Covered,17552,000s
Star Health & Allied Insurance Co. Ltd.,2022-23,-,Individual,Health,Gross Premium,1054383,Lakh
Star Health & Allied Insurance Co. Ltd.,2022-23,-,Individual,Health,No. of policies,1115708,Count
Star Health & Allied Insurance Co. Ltd.,2022-23,-,Individual,Health,No. of Persons Covered,1173,000s
Star Health & Allied Insurance Co. Ltd.,2022-23,-,Individual,Health,Gross Premium,140643,Lakh
Star Health & Allied Insurance Co. Ltd.,2022-23,-,All Classes,Health,No. of policies,7456265,Count
Star Health & Allied Insurance Co. Ltd.,2022-23,-,All Classes,Health,No. of Persons Covered,20414,000s
Star Health & Allied Insurance Co. Ltd.,2022-23,-,All Classes,Health,Gross Premium,1275657,Lakh
Aditya Birla Health insurance Co. Ltd.,2021-22,-,Government Sponsored Schemes Including RSBY Sponsored Schemes Including RSBY Sponsored Schemes Including RSBY,Health,No. of policies,0,Count
Aditya Birla Health insurance Co. Ltd.,2021-22,-,Government Sponsored Schemes Including RSBY Sponsored Schemes Including RSBY Sponsored Schemes Including RSBY,Health,No. of Persons Covered,0,000s
Aditya Birla Health insurance Co. Ltd.,2021-22,-,Government Sponsored Schemes Including RSBY Sponsored Schemes Including RSBY Sponsored Schemes Including RSBY,Health,Gross Premium,0,Lakh
Aditya Birla Health insurance Co. Ltd.,2021-22,-,Group Schemes Excluding Govt Sponsored & RSBY Schemes Excluding Govt Sponsored & RSBY,Health,No. of policies,2196,Count
Aditya Birla Health insurance Co. Ltd.,2021-22,-,Group Schemes Excluding Govt Sponsored & RSBY Schemes Excluding Govt Sponsored & RSBY,Health,No. of Persons Covered,18444,000s
Aditya Birla Health insurance Co. Ltd.,2021-22,-,Group Schemes Excluding Govt Sponsored & RSBY Schemes Excluding Govt Sponsored & RSBY,Health,Gross Premium,88356,Lakh
Aditya Birla Health insurance Co. Ltd.,2021-22,-,Individual,Health,No. of policies,524817,Count
Aditya Birla Health insurance Co. Ltd.,2021-22,-,Individual,Health,No. of Persons Covered,1650,000s
Aditya Birla Health insurance Co. Ltd.,2021-22,-,Individual,Health,Gross Premium,41331,Lakh
Aditya Birla Health insurance Co. Ltd.,2021-22,-,Individual,Health,No. of policies,510204,Count
Aditya Birla Health insurance Co. Ltd.,2021-22,-,Individual,Health,No. of Persons Covered,565,000s
Aditya Birla Health insurance Co. Ltd.,2021-22,-,Individual,Health,Gross Premium,26674,Lakh
Aditya Birla Health insurance Co. Ltd.,2021-22,-,All Classes,Health,No. of policies,1037217,Count
Aditya Birla Health insurance Co. Ltd.,2021-22,-,All Classes,Health,No. of Persons Covered,20659,000s
Aditya Birla Health insurance Co. Ltd.,2021-22,-,All Classes,Health,Gross Premium,156361,Lakh
Care Health Insurance Ltd.,2021-22,-,Government Sponsored Schemes Including RSBY Sponsored Schemes Including RSBY Sponsored Schemes Including RSBY,Health,No. of policies,0,Count
Care Health Insurance Ltd.,2021-22,-,Government Sponsored Schemes Including RSBY Sponsored Schemes Including RSBY Sponsored Schemes Including RSBY,Health,No. of Persons Covered,0,000s
Care Health Insurance Ltd.,2021-22,-,Government Sponsored Schemes Including RSBY Sponsored Schemes Including RSBY Sponsored Schemes Including RSBY,Health,Gross Premium,0,Lakh
Care Health Insurance Ltd.,2021-22,-,Group Schemes Excluding Govt Sponsored & RSBY Schemes Excluding Govt Sponsored & RSBY,Health,No. of policies,10144,Count
Care Health Insurance Ltd.,2021-22,-,Group Schemes Excluding Govt Sponsored & RSBY Schemes Excluding Govt Sponsored & RSBY,Health,No. of Persons Covered,10445,000s
Care Health Insurance Ltd.,2021-22,-,Group Schemes Excluding Govt Sponsored & RSBY Schemes Excluding Govt Sponsored & RSBY,Health,Gross Premium,125510,Lakh
Care Health Insurance Ltd.,2021-22,-,Individual,Health,No. of policies,760193,Count
Care Health Insurance Ltd.,2021-22,-,Individual,Health,No. of Persons Covered,2340,000s
Care Health Insurance Ltd.,2021-22,-,Individual,Health,Gross Premium,132792,Lakh
Care Health Insurance Ltd.,2021-22,-,Individual,Health,No. of policies,649092,Count
Care Health Insurance Ltd.,2021-22,-,Individual,Health,No. of Persons Covered,723,000s
Care Health Insurance Ltd.,2021-22,-,Individual,Health,Gross Premium,84248,Lakh
Care Health Insurance Ltd.,2021-22,-,All Classes,Health,No. of policies,1419429,Count
Care Health Insurance Ltd.,2021-22,-,All Classes,Health,No. of Persons Covered,13509,000s
Care Health Insurance Ltd.,2021-22,-,All Classes,Health,Gross Premium,342550,Lakh
ManipalCigna Health Insurance Co. Ltd.,2021-22,-,Government Sponsored Schemes Including RSBY Sponsored Schemes Including RSBY Sponsored Schemes Including RSBY,Health,No. of policies,0,Count
ManipalCigna Health Insurance Co. Ltd.,2021-22,-,Government Sponsored Schemes Including RSBY Sponsored Schemes Including RSBY Sponsored Schemes Including RSBY,Health,No. of Persons Covered,0,000s
ManipalCigna Health Insurance Co. Ltd.,2021-22,-,Government Sponsored Schemes Including RSBY Sponsored Schemes Including RSBY Sponsored Schemes Including RSBY,Health,Gross Premium,0,Lakh
ManipalCigna Health Insurance Co. Ltd.,2021-22,-,Group Schemes Excluding Govt Sponsored & RSBY Schemes Excluding Govt Sponsored & RSBY,Health,No. of policies,4134,Count
ManipalCigna Health Insurance Co. Ltd.,2021-22,-,Group Schemes Excluding Govt Sponsored & RSBY Schemes Excluding Govt Sponsored & RSBY,Health,No. of Persons Covered,6356,000s
ManipalCigna Health Insurance Co. Ltd.,2021-22,-,Group Schemes Excluding Govt Sponsored & RSBY Schemes Excluding Govt Sponsored & RSBY,Health,Gross Premium,50531,Lakh
ManipalCigna Health Insurance Co. Ltd.,2021-22,-,Individual,Health,No. of policies,132097,Count
ManipalCigna Health Insurance Co. Ltd.,2021-22,-,Individual,Health,No. of Persons Covered,437,000s
ManipalCigna Health Insurance Co. Ltd.,2021-22,-,Individual,Health,Gross Premium,20035,Lakh
ManipalCigna Health Insurance Co. Ltd.,2021-22,-,Individual,Health,No. of policies,171189,Count
ManipalCigna Health Insurance Co. Ltd.,2021-22,-,Individual,Health,No. of Persons Covered,312,000s
ManipalCigna Health Insurance Co. Ltd.,2021-22,-,Individual,Health,Gross Premium,26333,Lakh
ManipalCigna Health Insurance Co. Ltd.,2021-22,-,All Classes,Health,No. of policies,307420,Count
ManipalCigna Health Insurance Co. Ltd.,2021-22,-,All Classes,Health,No. of Persons Covered,7104,000s
ManipalCigna Health Insurance Co. Ltd.,2021-22,-,All Classes,Health,Gross Premium,96899,Lakh
Narayana Health Insurance Ltd.,2021-22,-,Government Sponsored Schemes Including RSBY Sponsored Schemes Including RSBY Sponsored Schemes Including RSBY,Health,No. of policies,0,Count
Narayana Health Insurance Ltd.,2021-22,-,Government Sponsored Schemes Including RSBY Sponsored Schemes Including RSBY Sponsored Schemes Including RSBY,Health,No. of Persons Covered,0,000s
Narayana Health Insurance Ltd.,2021-22,-,Government Sponsored Schemes Including RSBY Sponsored Schemes Including RSBY Sponsored Schemes Including RSBY,Health,Gross Premium,0,Lakh
Narayana Health Insurance Ltd.,2021-22,-,Group Schemes Excluding Govt Sponsored & RSBY Schemes Excluding Govt Sponsored & RSBY,Health,No. of policies,0,Count
Narayana Health Insurance Ltd.,2021-22,-,Group Schemes Excluding Govt Sponsored & RSBY Schemes Excluding Govt Sponsored & RSBY,Health,No. of Persons Covered,0,000s
Narayana Health Insurance Ltd.,2021-22,-,Group Schemes Excluding Govt Sponsored & RSBY Schemes Excluding Govt Sponsored & RSBY,Health,Gross Premium,0,Lakh
Narayana Health Insurance Ltd.,2021-22,-,Individual,Health,No. of policies,0,Count
Narayana Health Insurance Ltd.,2021-22,-,Individual,Health,No. of Persons Covered,0,000s
Narayana Health Insurance Ltd.,2021-22,-,Individual,Health,Gross Premium,0,Lakh
Narayana Health Insurance Ltd.,2021-22,-,Individual,Health,No. of policies,0,Count
Narayana Health Insurance Ltd.,2021-22,-,Individual,Health,No. of Persons Covered,0,000s
Narayana Health Insurance Ltd.,2021-22,-,Individual,Health,Gross Premium,0,Lakh
Narayana Health Insurance Ltd.,2021-22,-,All Classes,Health,No. of policies,0,Count
Narayana Health Insurance Ltd.,2021-22,-,All Classes,Health,No. of Persons Covered,0,000s
Narayana Health Insurance Ltd.,2021-22,-,All Classes,Health,Gross Premium,0,Lakh
Niva Bupa Health Insurance Co. Ltd.,2021-22,-,Government Sponsored Schemes Including RSBY Sponsored Schemes Including RSBY Sponsored Schemes Including RSBY,Health,No. of policies,0,Count
Niva Bupa Health Insurance Co. Ltd.,2021-22,-,Government Sponsored Schemes Including RSBY Sponsored Schemes Including RSBY Sponsored Schemes Including RSBY,Health,No. of Persons Covered,0,000s
Niva Bupa Health Insurance Co. Ltd.,2021-22,-,Government Sponsored Schemes Including RSBY Sponsored Schemes Including RSBY Sponsored Schemes Including RSBY,Health,Gross Premium,0,Lakh
Niva Bupa Health Insurance Co. Ltd.,2021-22,-,Group Schemes Excluding Govt Sponsored & RSBY Schemes Excluding Govt Sponsored & RSBY,Health,No. of policies,1759,Count
Niva Bupa Health Insurance Co. Ltd.,2021-22,-,Group Schemes Excluding Govt Sponsored & RSBY Schemes Excluding Govt Sponsored & RSBY,Health,No. of Persons Covered,3696,000s
Niva Bupa Health Insurance Co. Ltd.,2021-22,-,Group Schemes Excluding Govt Sponsored & RSBY Schemes Excluding Govt Sponsored & RSBY,Health,Gross Premium,59170,Lakh
Niva Bupa Health Insurance Co. Ltd.,2021-22,-,Individual,Health,No. of policies,1046751,Count
Niva Bupa Health Insurance Co. Ltd.,2021-22,-,Individual,Health,No. of Persons Covered,2862,000s
Niva Bupa Health Insurance Co. Ltd.,2021-22,-,Individual,Health,Gross Premium,190860,Lakh
Niva Bupa Health Insurance Co. Ltd.,2021-22,-,Individual,Health,No. of policies,226331,Count
Niva Bupa Health Insurance Co. Ltd.,2021-22,-,Individual,Health,No. of Persons Covered,226,000s
Niva Bupa Health Insurance Co. Ltd.,2021-22,-,Individual,Health,Gross Premium,24874,Lakh
Niva Bupa Health Insurance Co. Ltd.,2021-22,-,All Classes,Health,No. of policies,1274841,Count
Niva Bupa Health Insurance Co. Ltd.,2021-22,-,All Classes,Health,No. of Persons Covered,6784,000s
Niva Bupa Health Insurance Co. Ltd.,2021-22,-,All Classes,Health,Gross Premium,274904,Lakh
Star Health & Allied Insurance Co. Ltd.,2021-22,-,Government Sponsored Schemes Including RSBY Sponsored Schemes Including RSBY Sponsored Schemes Including RSBY,Health,No. of policies,0,Count
Star Health & Allied Insurance Co. Ltd.,2021-22,-,Government Sponsored Schemes Including RSBY Sponsored Schemes Including RSBY Sponsored Schemes Including RSBY,Health,No. of Persons Covered,0,000s
Star Health & Allied Insurance Co. Ltd.,2021-22,-,Government Sponsored Schemes Including RSBY Sponsored Schemes Including RSBY Sponsored Schemes Including RSBY,Health,Gross Premium,0,Lakh
Star Health & Allied Insurance Co. Ltd.,2021-22,-,Group Schemes Excluding Govt Sponsored & RSBY Schemes Excluding Govt Sponsored & RSBY,Health,No. of policies,16686,Count
Star Health & Allied Insurance Co. Ltd.,2021-22,-,Group Schemes Excluding Govt Sponsored & RSBY Schemes Excluding Govt Sponsored & RSBY,Health,No. of Persons Covered,3577,000s
Star Health & Allied Insurance Co. Ltd.,2021-22,-,Group Schemes Excluding Govt Sponsored & RSBY Schemes Excluding Govt Sponsored & RSBY,Health,Gross Premium,116494,Lakh
Star Health & Allied Insurance Co. Ltd.,2021-22,-,Individual,Health,No. of policies,6067669,Count
Star Health & Allied Insurance Co. Ltd.,2021-22,-,Individual,Health,No. of Persons Covered,16566,000s
Star Health & Allied Insurance Co. Ltd.,2021-22,-,Individual,Health,Gross Premium,937364,Lakh
Star Health & Allied Insurance Co. Ltd.,2021-22,-,Individual,Health,No. of policies,809610,Count
Star Health & Allied Insurance Co. Ltd.,2021-22,-,Individual,Health,No. of Persons Covered,848,000s
Star Health & Allied Insurance Co. Ltd.,2021-22,-,Individual,Health,Gross Premium,75573,Lakh
Star Health & Allied Insurance Co. Ltd.,2021-22,-,All Classes,Health,No. of policies,6893965,Count
Star Health & Allied Insurance Co. Ltd.,2021-22,-,All Classes,Health,No. of Persons Covered,20992,000s
Star Health & Allied Insurance Co. Ltd.,2021-22,-,All Classes,Health,Gross Premium,1129431,Lakh
Aditya Birla Health insurance Co. Ltd.,2020-21,-,Government Sponsored Schemes Including RSBY Sponsored Schemes Including RSBY Sponsored Schemes Including RSBY,Health,No. of policies,0,Count
Aditya Birla Health insurance Co. Ltd.,2020-21,-,Government Sponsored Schemes Including RSBY Sponsored Schemes Including RSBY Sponsored Schemes Including RSBY,Health,No. of Persons Covered,0,000s
Aditya Birla Health insurance Co. Ltd.,2020-21,-,Government Sponsored Schemes Including RSBY Sponsored Schemes Including RSBY Sponsored Schemes Including RSBY,Health,Gross Premium,0,Lakh
Aditya Birla Health insurance Co. Ltd.,2020-21,-,Group Schemes Excluding Govt Sponsored & RSBY Schemes Excluding Govt Sponsored & RSBY,Health,No. of policies,1266,Count
Aditya Birla Health insurance Co. Ltd.,2020-21,-,Group Schemes Excluding Govt Sponsored & RSBY Schemes Excluding Govt Sponsored & RSBY,Health,No. of Persons Covered,11299,000s
Aditya Birla Health insurance Co. Ltd.,2020-21,-,Group Schemes Excluding Govt Sponsored & RSBY Schemes Excluding Govt Sponsored & RSBY,Health,Gross Premium,60687,Lakh
Aditya Birla Health insurance Co. Ltd.,2020-21,-,Individual,Health,No. of policies,266947,Count
Aditya Birla Health insurance Co. Ltd.,2020-21,-,Individual,Health,No. of Persons Covered,834,000s
Aditya Birla Health insurance Co. Ltd.,2020-21,-,Individual,Health,Gross Premium,33776,Lakh
Aditya Birla Health insurance Co. Ltd.,2020-21,-,Individual,Health,No. of policies,294427,Count
Aditya Birla Health insurance Co. Ltd.,2020-21,-,Individual,Health,No. of Persons Covered,330,000s
Aditya Birla Health insurance Co. Ltd.,2020-21,-,Individual,Health,Gross Premium,22122,Lakh
Aditya Birla Health insurance Co. Ltd.,2020-21,-,All Classes,Health,No. of policies,562640,Count
Aditya Birla Health insurance Co. Ltd.,2020-21,-,All Classes,Health,No. of Persons Covered,12463,000s
Aditya Birla Health insurance Co. Ltd.,2020-21,-,All Classes,Health,Gross Premium,116584,Lakh
Care Health Insurance Ltd.,2020-21,-,Government Sponsored Schemes Including RSBY Sponsored Schemes Including RSBY Sponsored Schemes Including RSBY,Health,No. of policies,0,Count
Care Health Insurance Ltd.,2020-21,-,Government Sponsored Schemes Including RSBY Sponsored Schemes Including RSBY Sponsored Schemes Including RSBY,Health,No. of Persons Covered,0,000s
Care Health Insurance Ltd.,2020-21,-,Government Sponsored Schemes Including RSBY Sponsored Schemes Including RSBY Sponsored Schemes Including RSBY,Health,Gross Premium,0,Lakh
Care Health Insurance Ltd.,2020-21,-,Group Schemes Excluding Govt Sponsored & RSBY Schemes Excluding Govt Sponsored & RSBY,Health,No. of policies,8640,Count
Care Health Insurance Ltd.,2020-21,-,Group Schemes Excluding Govt Sponsored & RSBY Schemes Excluding Govt Sponsored & RSBY,Health,No. of Persons Covered,4795,000s
Care Health Insurance Ltd.,2020-21,-,Group Schemes Excluding Govt Sponsored & RSBY Schemes Excluding Govt Sponsored & RSBY,Health,Gross Premium,69106,Lakh
Care Health Insurance Ltd.,2020-21,-,Individual,Health,No. of policies,622671,Count
Care Health Insurance Ltd.,2020-21,-,Individual,Health,No. of Persons Covered,1935,000s
Care Health Insurance Ltd.,2020-21,-,Individual,Health,Gross Premium,99848,Lakh
Care Health Insurance Ltd.,2020-21,-,Individual,Health,No. of policies,547069,Count
Care Health Insurance Ltd.,2020-21,-,Individual,Health,No. of Persons Covered,612,000s
Care Health Insurance Ltd.,2020-21,-,Individual,Health,Gross Premium,62048,Lakh
Care Health Insurance Ltd.,2020-21,-,All Classes,Health,No. of policies,1178380,Count
Care Health Insurance Ltd.,2020-21,-,All Classes,Health,No. of Persons Covered,7342,000s
Care Health Insurance Ltd.,2020-21,-,All Classes,Health,Gross Premium,231002,Lakh
ManipalCigna Health Insurance Co. Ltd.,2020-21,-,Government Sponsored Schemes Including RSBY Sponsored Schemes Including RSBY Sponsored Schemes Including RSBY,Health,No. of policies,0,Count
ManipalCigna Health Insurance Co. Ltd.,2020-21,-,Government Sponsored Schemes Including RSBY Sponsored Schemes Including RSBY Sponsored Schemes Including RSBY,Health,No. of Persons Covered,0,000s
ManipalCigna Health Insurance Co. Ltd.,2020-21,-,Government Sponsored Schemes Including RSBY Sponsored Schemes Including RSBY Sponsored Schemes Including RSBY,Health,Gross Premium,0,Lakh
ManipalCigna Health Insurance Co. Ltd.,2020-21,-,Group Schemes Excluding Govt Sponsored & RSBY Schemes Excluding Govt Sponsored & RSBY,Health,No. of policies,3590,Count
ManipalCigna Health Insurance Co. Ltd.,2020-21,-,Group Schemes Excluding Govt Sponsored & RSBY Schemes Excluding Govt Sponsored & RSBY,Health,No. of Persons Covered,4099,000s
ManipalCigna Health Insurance Co. Ltd.,2020-21,-,Group Schemes Excluding Govt Sponsored & RSBY Schemes Excluding Govt Sponsored & RSBY,Health,Gross Premium,35093,Lakh
ManipalCigna Health Insurance Co. Ltd.,2020-21,-,Individual,Health,No. of policies,133660,Count
ManipalCigna Health Insurance Co. Ltd.,2020-21,-,Individual,Health,No. of Persons Covered,439,000s
ManipalCigna Health Insurance Co. Ltd.,2020-21,-,Individual,Health,Gross Premium,18844,Lakh
ManipalCigna Health Insurance Co. Ltd.,2020-21,-,Individual,Health,No. of policies,153596,Count
ManipalCigna Health Insurance Co. Ltd.,2020-21,-,Individual,Health,No. of Persons Covered,263,000s
ManipalCigna Health Insurance Co. Ltd.,2020-21,-,Individual,Health,Gross Premium,20516,Lakh
ManipalCigna Health Insurance Co. Ltd.,2020-21,-,All Classes,Health,No. of policies,290846,Count
ManipalCigna Health Insurance Co. Ltd.,2020-21,-,All Classes,Health,No. of Persons Covered,4801,000s
ManipalCigna Health Insurance Co. Ltd.,2020-21,-,All Classes,Health,Gross Premium,74453,Lakh
Narayana Health Insurance Ltd.,2020-21,-,Government Sponsored Schemes Including RSBY Sponsored Schemes Including RSBY Sponsored Schemes Including RSBY,Health,No. of policies,0,Count
Narayana Health Insurance Ltd.,2020-21,-,Government Sponsored Schemes Including RSBY Sponsored Schemes Including RSBY Sponsored Schemes Including RSBY,Health,No. of Persons Covered,0,000s
Narayana Health Insurance Ltd.,2020-21,-,Government Sponsored Schemes Including RSBY Sponsored Schemes Including RSBY Sponsored Schemes Including RSBY,Health,Gross Premium,0,Lakh
Narayana Health Insurance Ltd.,2020-21,-,Group Schemes Excluding Govt Sponsored & RSBY Schemes Excluding Govt Sponsored & RSBY,Health,No. of policies,0,Count
Narayana Health Insurance Ltd.,2020-21,-,Group Schemes Excluding Govt Sponsored & RSBY Schemes Excluding Govt Sponsored & RSBY,Health,No. of Persons Covered,0,000s
Narayana Health Insurance Ltd.,2020-21,-,Group Schemes Excluding Govt Sponsored & RSBY Schemes Excluding Govt Sponsored & RSBY,Health,Gross Premium,0,Lakh
Narayana Health Insurance Ltd.,2020-21,-,Individual,Health,No. of policies,0,Count
Narayana Health Insurance Ltd.,2020-21,-,Individual,Health,No. of Persons Covered,0,000s
Narayana Health Insurance Ltd.,2020-21,-,Individual,Health,Gross Premium,0,Lakh
Narayana Health Insurance Ltd.,2020-21,-,Individual,Health,No. of policies,0,Count
Narayana Health Insurance Ltd.,2020-21,-,Individual,Health,No. of Persons Covered,0,000s
Narayana Health Insurance Ltd.,2020-21,-,Individual,Health,Gross Premium,0,Lakh
Narayana Health Insurance Ltd.,2020-21,-,All Classes,Health,No. of policies,0,Count
Narayana Health Insurance Ltd.,2020-21,-,All Classes,Health,No. of Persons Covered,0,000s
Narayana Health Insurance Ltd.,2020-21,-,All Classes,Health,Gross Premium,0,Lakh
Niva Bupa Health Insurance Co. Ltd.,2020-21,-,Government Sponsored Schemes Including RSBY Sponsored Schemes Including RSBY Sponsored Schemes Including RSBY,Health,No. of policies,0,Count
Niva Bupa Health Insurance Co. Ltd.,2020-21,-,Government Sponsored Schemes Including RSBY Sponsored Schemes Including RSBY Sponsored Schemes Including RSBY,Health,No. of Persons Covered,0,000s
Niva Bupa Health Insurance Co. Ltd.,2020-21,-,Government Sponsored Schemes Including RSBY Sponsored Schemes Including RSBY Sponsored Schemes Including RSBY,Health,Gross Premium,0,Lakh
Niva Bupa Health Insurance Co. Ltd.,2020-21,-,Group Schemes Excluding Govt Sponsored & RSBY Schemes Excluding Govt Sponsored & RSBY,Health,No. of policies,1243,Count
Niva Bupa Health Insurance Co. Ltd.,2020-21,-,Group Schemes Excluding Govt Sponsored & RSBY Schemes Excluding Govt Sponsored & RSBY,Health,No. of Persons Covered,2103,000s
Niva Bupa Health Insurance Co. Ltd.,2020-21,-,Group Schemes Excluding Govt Sponsored & RSBY Schemes Excluding Govt Sponsored & RSBY,Health,Gross Premium,33897,Lakh
Niva Bupa Health Insurance Co. Ltd.,2020-21,-,Individual,Health,No. of policies,623483,Count
Niva Bupa Health Insurance Co. Ltd.,2020-21,-,Individual,Health,No. of Persons Covered,1804,000s
Niva Bupa Health Insurance Co. Ltd.,2020-21,-,Individual,Health,Gross Premium,111694,Lakh
Niva Bupa Health Insurance Co. Ltd.,2020-21,-,Individual,Health,No. of policies,231938,Count
Niva Bupa Health Insurance Co. Ltd.,2020-21,-,Individual,Health,No. of Persons Covered,232,000s
Niva Bupa Health Insurance Co. Ltd.,2020-21,-,Individual,Health,Gross Premium,23968,Lakh
Niva Bupa Health Insurance Co. Ltd.,2020-21,-,All Classes,Health,No. of policies,856664,Count
Niva Bupa Health Insurance Co. Ltd.,2020-21,-,All Classes,Health,No. of Persons Covered,4139,000s
Niva Bupa Health Insurance Co. Ltd.,2020-21,-,All Classes,Health,Gross Premium,169559,Lakh
Star Health & Allied Insurance Co. Ltd.,2020-21,-,Government Sponsored Schemes Including RSBY Sponsored Schemes Including RSBY Sponsored Schemes Including RSBY,Health,No. of policies,0,Count
Star Health & Allied Insurance Co. Ltd.,2020-21,-,Government Sponsored Schemes Including RSBY Sponsored Schemes Including RSBY Sponsored Schemes Including RSBY,Health,No. of Persons Covered,0,000s
Star Health & Allied Insurance Co. Ltd.,2020-21,-,Government Sponsored Schemes Including RSBY Sponsored Schemes Including RSBY Sponsored Schemes Including RSBY,Health,Gross Premium,0,Lakh
Star Health & Allied Insurance Co. Ltd.,2020-21,-,Group Schemes Excluding Govt Sponsored & RSBY Schemes Excluding Govt Sponsored & RSBY,Health,No. of policies,10895,Count
Star Health & Allied Insurance Co. Ltd.,2020-21,-,Group Schemes Excluding Govt Sponsored & RSBY Schemes Excluding Govt Sponsored & RSBY,Health,No. of Persons Covered,3093,000s
Star Health & Allied Insurance Co. Ltd.,2020-21,-,Group Schemes Excluding Govt Sponsored & RSBY Schemes Excluding Govt Sponsored & RSBY,Health,Gross Premium,98946,Lakh
Star Health & Allied Insurance Co. Ltd.,2020-21,-,Individual,Health,No. of policies,5524248,Count
Star Health & Allied Insurance Co. Ltd.,2020-21,-,Individual,Health,No. of Persons Covered,14925,000s
Star Health & Allied Insurance Co. Ltd.,2020-21,-,Individual,Health,Gross Premium,754363,Lakh
Star Health & Allied Insurance Co. Ltd.,2020-21,-,Individual,Health,No. of policies,863618,Count
Star Health & Allied Insurance Co. Ltd.,2020-21,-,Individual,Health,No. of Persons Covered,905,000s
Star Health & Allied Insurance Co. Ltd.,2020-21,-,Individual,Health,Gross Premium,68550,Lakh
Star Health & Allied Insurance Co. Ltd.,2020-21,-,All Classes,Health,No. of policies,6398761,Count
Star Health & Allied Insurance Co. Ltd.,2020-21,-,All Classes,Health,No. of Persons Covered,18923,000s
Star Health & Allied Insurance Co. Ltd.,2020-21,-,All Classes,Health,Gross Premium,921859,Lakh
Aditya Birla Health insurance Co. Ltd.,2019-20,-,Government Sponsored Schemes Including RSBY Sponsored Schemes Including RSBY Sponsored Schemes Including RSBY,Health,No. of policies,0,Count
Aditya Birla Health insurance Co. Ltd.,2019-20,-,Government Sponsored Schemes Including RSBY Sponsored Schemes Including RSBY Sponsored Schemes Including RSBY,Health,No. of Persons Covered,0,000s
Aditya Birla Health insurance Co. Ltd.,2019-20,-,Government Sponsored Schemes Including RSBY Sponsored Schemes Including RSBY Sponsored Schemes Including RSBY,Health,Gross Premium,0,Lakh
Aditya Birla Health insurance Co. Ltd.,2019-20,-,Group Schemes Excluding Govt Sponsored & RSBY Schemes Excluding Govt Sponsored & RSBY,Health,No. of policies,919,Count
Aditya Birla Health insurance Co. Ltd.,2019-20,-,Group Schemes Excluding Govt Sponsored & RSBY Schemes Excluding Govt Sponsored & RSBY,Health,No. of Persons Covered,4474,000s
Aditya Birla Health insurance Co. Ltd.,2019-20,-,Group Schemes Excluding Govt Sponsored & RSBY Schemes Excluding Govt Sponsored & RSBY,Health,Gross Premium,40595,Lakh
Aditya Birla Health insurance Co. Ltd.,2019-20,-,Individual,Health,No. of policies,159271,Count
Aditya Birla Health insurance Co. Ltd.,2019-20,-,Individual,Health,No. of Persons Covered,501,000s
Aditya Birla Health insurance Co. Ltd.,2019-20,-,Individual,Health,Gross Premium,22179,Lakh
Aditya Birla Health insurance Co. Ltd.,2019-20,-,Individual,Health,No. of policies,149735,Count
Aditya Birla Health insurance Co. Ltd.,2019-20,-,Individual,Health,No. of Persons Covered,165,000s
Aditya Birla Health insurance Co. Ltd.,2019-20,-,Individual,Health,Gross Premium,12776,Lakh
Aditya Birla Health insurance Co. Ltd.,2019-20,-,All Classes,Health,No. of policies,309925,Count
Aditya Birla Health insurance Co. Ltd.,2019-20,-,All Classes,Health,No. of Persons Covered,5140,000s
Aditya Birla Health insurance Co. Ltd.,2019-20,-,All Classes,Health,Gross Premium,75550,Lakh
Care Health Insurance Ltd.,2019-20,-,Government Sponsored Schemes Including RSBY Sponsored Schemes Including RSBY Sponsored Schemes Including RSBY,Health,No. of policies,1,Count
Care Health Insurance Ltd.,2019-20,-,Government Sponsored Schemes Including RSBY Sponsored Schemes Including RSBY Sponsored Schemes Including RSBY,Health,No. of Persons Covered,6100,000s
Care Health Insurance Ltd.,2019-20,-,Government Sponsored Schemes Including RSBY Sponsored Schemes Including RSBY Sponsored Schemes Including RSBY,Health,Gross Premium,41302,Lakh
Care Health Insurance Ltd.,2019-20,-,Group Schemes Excluding Govt Sponsored & RSBY Schemes Excluding Govt Sponsored & RSBY,Health,No. of policies,4744,Count
Care Health Insurance Ltd.,2019-20,-,Group Schemes Excluding Govt Sponsored & RSBY Schemes Excluding Govt Sponsored & RSBY,Health,No. of Persons Covered,4900,000s
Care Health Insurance Ltd.,2019-20,-,Group Schemes Excluding Govt Sponsored & RSBY Schemes Excluding Govt Sponsored & RSBY,Health,Gross Premium,59515,Lakh
Care Health Insurance Ltd.,2019-20,-,Individual,Health,No. of policies,456781,Count
Care Health Insurance Ltd.,2019-20,-,Individual,Health,No. of Persons Covered,1426,000s
Care Health Insurance Ltd.,2019-20,-,Individual,Health,Gross Premium,73174,Lakh
Care Health Insurance Ltd.,2019-20,-,Individual,Health,No. of policies,346134,Count
Care Health Insurance Ltd.,2019-20,-,Individual,Health,No. of Persons Covered,392,000s
Care Health Insurance Ltd.,2019-20,-,Individual,Health,Gross Premium,41134,Lakh
Care Health Insurance Ltd.,2019-20,-,All Classes,Health,No. of policies,807660,Count
Care Health Insurance Ltd.,2019-20,-,All Classes,Health,No. of Persons Covered,12818,000s
Care Health Insurance Ltd.,2019-20,-,All Classes,Health,Gross Premium,215125,Lakh
ManipalCigna Health Insurance Co. Ltd.,2019-20,-,Government Sponsored Schemes Including RSBY Sponsored Schemes Including RSBY Sponsored Schemes Including RSBY,Health,No. of policies,0,Count
ManipalCigna Health Insurance Co. Ltd.,2019-20,-,Government Sponsored Schemes Including RSBY Sponsored Schemes Including RSBY Sponsored Schemes Including RSBY,Health,No. of Persons Covered,0,000s
ManipalCigna Health Insurance Co. Ltd.,2019-20,-,Government Sponsored Schemes Including RSBY Sponsored Schemes Including RSBY Sponsored Schemes Including RSBY,Health,Gross Premium,0,Lakh
ManipalCigna Health Insurance Co. Ltd.,2019-20,-,Group Schemes Excluding Govt Sponsored & RSBY Schemes Excluding Govt Sponsored & RSBY,Health,No. of policies,1823,Count
ManipalCigna Health Insurance Co. Ltd.,2019-20,-,Group Schemes Excluding Govt Sponsored & RSBY Schemes Excluding Govt Sponsored & RSBY,Health,No. of Persons Covered,1369,000s
ManipalCigna Health Insurance Co. Ltd.,2019-20,-,Group Schemes Excluding Govt Sponsored & RSBY Schemes Excluding Govt Sponsored & RSBY,Health,Gross Premium,25498,Lakh
ManipalCigna Health Insurance Co. Ltd.,2019-20,-,Individual,Health,No. of policies,119584,Count
ManipalCigna Health Insurance Co. Ltd.,2019-20,-,Individual,Health,No. of Persons Covered,387,000s
ManipalCigna Health Insurance Co. Ltd.,2019-20,-,Individual,Health,Gross Premium,16831,Lakh
ManipalCigna Health Insurance Co. Ltd.,2019-20,-,Individual,Health,No. of policies,128757,Count
ManipalCigna Health Insurance Co. Ltd.,2019-20,-,Individual,Health,No. of Persons Covered,193,000s
ManipalCigna Health Insurance Co. Ltd.,2019-20,-,Individual,Health,Gross Premium,14400,Lakh
ManipalCigna Health Insurance Co. Ltd.,2019-20,-,All Classes,Health,No. of policies,250164,Count
ManipalCigna Health Insurance Co. Ltd.,2019-20,-,All Classes,Health,No. of Persons Covered,1949,000s
ManipalCigna Health Insurance Co. Ltd.,2019-20,-,All Classes,Health,Gross Premium,56729,Lakh
Narayana Health Insurance Ltd.,2019-20,-,Government Sponsored Schemes Including RSBY Sponsored Schemes Including RSBY Sponsored Schemes Including RSBY,Health,No. of policies,0,Count
Narayana Health Insurance Ltd.,2019-20,-,Government Sponsored Schemes Including RSBY Sponsored Schemes Including RSBY Sponsored Schemes Including RSBY,Health,No. of Persons Covered,0,000s
Narayana Health Insurance Ltd.,2019-20,-,Government Sponsored Schemes Including RSBY Sponsored Schemes Including RSBY Sponsored Schemes Including RSBY,Health,Gross Premium,0,Lakh
Narayana Health Insurance Ltd.,2019-20,-,Group Schemes Excluding Govt Sponsored & RSBY Schemes Excluding Govt Sponsored & RSBY,Health,No. of policies,0,Count
Narayana Health Insurance Ltd.,2019-20,-,Group Schemes Excluding Govt Sponsored & RSBY Schemes Excluding Govt Sponsored & RSBY,Health,No. of Persons Covered,0,000s
Narayana Health Insurance Ltd.,2019-20,-,Group Schemes Excluding Govt Sponsored & RSBY Schemes Excluding Govt Sponsored & RSBY,Health,Gross Premium,0,Lakh
Narayana Health Insurance Ltd.,2019-20,-,Individual,Health,No. of policies,0,Count
Narayana Health Insurance Ltd.,2019-20,-,Individual,Health,No. of Persons Covered,0,000s
Narayana Health Insurance Ltd.,2019-20,-,Individual,Health,Gross Premium,0,Lakh
Narayana Health Insurance Ltd.,2019-20,-,Individual,Health,No. of policies,0,Count
Narayana Health Insurance Ltd.,2019-20,-,Individual,Health,No. of Persons Covered,0,000s
Narayana Health Insurance Ltd.,2019-20,-,Individual,Health,Gross Premium,0,Lakh
Narayana Health Insurance Ltd.,2019-20,-,All Classes,Health,No. of policies,0,Count
Narayana Health Insurance Ltd.,2019-20,-,All Classes,Health,No. of Persons Covered,0,000s
Narayana Health Insurance Ltd.,2019-20,-,All Classes,Health,Gross Premium,0,Lakh
Niva Bupa Health Insurance Co. Ltd.,2019-20,-,Government Sponsored Schemes Including RSBY Sponsored Schemes Including RSBY Sponsored Schemes Including RSBY,Health,No. of policies,0,Count
Niva Bupa Health Insurance Co. Ltd.,2019-20,-,Government Sponsored Schemes Including RSBY Sponsored Schemes Including RSBY Sponsored Schemes Including RSBY,Health,No. of Persons Covered,0,000s
Niva Bupa Health Insurance Co. Ltd.,2019-20,-,Government Sponsored Schemes Including RSBY Sponsored Schemes Including RSBY Sponsored Schemes Including RSBY,Health,Gross Premium,0,Lakh
Niva Bupa Health Insurance Co. Ltd.,2019-20,-,Group Schemes Excluding Govt Sponsored & RSBY Schemes Excluding Govt Sponsored & RSBY,Health,No. of policies,1176,Count
Niva Bupa Health Insurance Co. Ltd.,2019-20,-,Group Schemes Excluding Govt Sponsored & RSBY Schemes Excluding Govt Sponsored & RSBY,Health,No. of Persons Covered,2547,000s
Niva Bupa Health Insurance Co. Ltd.,2019-20,-,Group Schemes Excluding Govt Sponsored & RSBY Schemes Excluding Govt Sponsored & RSBY,Health,Gross Premium,30819,Lakh
Niva Bupa Health Insurance Co. Ltd.,2019-20,-,Individual,Health,No. of policies,587422,Count
Niva Bupa Health Insurance Co. Ltd.,2019-20,-,Individual,Health,No. of Persons Covered,1766,000s
Niva Bupa Health Insurance Co. Ltd.,2019-20,-,Individual,Health,Gross Premium,69357,Lakh
Niva Bupa Health Insurance Co. Ltd.,2019-20,-,Individual,Health,No. of policies,233502,Count
Niva Bupa Health Insurance Co. Ltd.,2019-20,-,Individual,Health,No. of Persons Covered,236,000s
Niva Bupa Health Insurance Co. Ltd.,2019-20,-,Individual,Health,Gross Premium,17580,Lakh
Niva Bupa Health Insurance Co. Ltd.,2019-20,-,All Classes,Health,No. of policies,822100,Count
Niva Bupa Health Insurance Co. Ltd.,2019-20,-,All Classes,Health,No. of Persons Covered,4549,000s
Niva Bupa Health Insurance Co. Ltd.,2019-20,-,All Classes,Health,Gross Premium,117756,Lakh
Star Health & Allied Insurance Co. Ltd.,2019-20,-,Government Sponsored Schemes Including RSBY Sponsored Schemes Including RSBY Sponsored Schemes Including RSBY,Health,No. of policies,1,Count
Star Health & Allied Insurance Co. Ltd.,2019-20,-,Government Sponsored Schemes Including RSBY Sponsored Schemes Including RSBY Sponsored Schemes Including RSBY,Health,No. of Persons Covered,269,000s
Star Health & Allied Insurance Co. Ltd.,2019-20,-,Government Sponsored Schemes Including RSBY Sponsored Schemes Including RSBY Sponsored Schemes Including RSBY,Health,Gross Premium,201,Lakh
Star Health & Allied Insurance Co. Ltd.,2019-20,-,Group Schemes Excluding Govt Sponsored & RSBY Schemes Excluding Govt Sponsored & RSBY,Health,No. of policies,6621,Count
Star Health & Allied Insurance Co. Ltd.,2019-20,-,Group Schemes Excluding Govt Sponsored & RSBY Schemes Excluding Govt Sponsored & RSBY,Health,No. of Persons Covered,2517,000s
Star Health & Allied Insurance Co. Ltd.,2019-20,-,Group Schemes Excluding Govt Sponsored & RSBY Schemes Excluding Govt Sponsored & RSBY,Health,Gross Premium,88972,Lakh
Star Health & Allied Insurance Co. Ltd.,2019-20,-,Individual,Health,No. of policies,3710298,Count
Star Health & Allied Insurance Co. Ltd.,2019-20,-,Individual,Health,No. of Persons Covered,10687,000s
Star Health & Allied Insurance Co. Ltd.,2019-20,-,Individual,Health,Gross Premium,530480,Lakh
Star Health & Allied Insurance Co. Ltd.,2019-20,-,Individual,Health,No. of policies,746043,Count
Star Health & Allied Insurance Co. Ltd.,2019-20,-,Individual,Health,No. of Persons Covered,788,000s
Star Health & Allied Insurance Co. Ltd.,2019-20,-,Individual,Health,Gross Premium,52247,Lakh
Star Health & Allied Insurance Co. Ltd.,2019-20,-,All Classes,Health,No. of policies,4462963,Count
Star Health & Allied Insurance Co. Ltd.,2019-20,-,All Classes,Health,No. of Persons Covered,14260,000s
Star Health & Allied Insurance Co. Ltd.,2019-20,-,All Classes,Health,Gross Premium,671899,Lakh
Star Health & Allied Insurance Co. Ltd.,2022-23,-,All Classes,Health,Gross Direct Premium Growth Rate,12.99,%
Star Health & Allied Insurance Co. Ltd.,2022-23,-,All Classes,Health,Net Retention Ratio,95.11,%
Star Health & Allied Insurance Co. Ltd.,2022-23,-,All Classes,Health,Gross Commission Ratio,14.11,%
Star Health & Allied Insurance Co. Ltd.,2022-23,-,All Classes,Health,Expense of Management to GDP Ratio,29.97,%
Star Health & Allied Insurance Co. Ltd.,2022-23,-,All Classes,Health,Expense of Management to NWP Ratio,30.33,%
Star Health & Allied Insurance Co. Ltd.,2022-23,-,All Classes,Health,Net Incurred Claims Ratio,65,%
Star Health & Allied Insurance Co. Ltd.,2022-23,-,All Classes,Health,Combined Ratio,95.33,%
Star Health & Allied Insurance Co. Ltd.,2022-23,-,All Classes,Health,Technical Reserves to Net Premium Ratio,0.66,Ratio
Star Health & Allied Insurance Co. Ltd.,2022-23,-,All Classes,Health,Solvency Margin,2.14,Ratio
Star Health & Allied Insurance Co. Ltd.,2022-23,-,All Classes,Health,Repudiation Ratio (Nos),18,%
Star Health & Allied Insurance Co. Ltd.,2022-23,-,All Classes,Health,Repudiation Ratio (Amount),17,%
Star Health & Allied Insurance Co. Ltd.,2023-24,-,All Classes,Health,Gross Direct Premium Growth Rate,17.77,%
Star Health & Allied Insurance Co. Ltd.,2023-24,-,All Classes,Health,Net Retention Ratio,92.22,%
Star Health & Allied Insurance Co. Ltd.,2023-24,-,All Classes,Health,Gross Commission Ratio,14.96,%
Star Health & Allied Insurance Co. Ltd.,2023-24,-,All Classes,Health,Expense of Management to GDP Ratio,30.66,%
Star Health & Allied Insurance Co. Ltd.,2023-24,-,All Classes,Health,Expense of Management to NWP Ratio,30.2,%
Star Health & Allied Insurance Co. Ltd.,2023-24,-,All Classes,Health,Net Incurred Claims Ratio,66.47,%
Star Health & Allied Insurance Co. Ltd.,2023-24,-,All Classes,Health,Combined Ratio,96.67,%
Star Health & Allied Insurance Co. Ltd.,2023-24,-,All Classes,Health,Technical Reserves to Net Premium Ratio,0.66,Ratio
Star Health & Allied Insurance Co. Ltd.,2023-24,-,All Classes,Health,Solvency Margin,2.21,Ratio
Star Health & Allied Insurance Co. Ltd.,2023-24,-,All Classes,Health,Repudiation Ratio (Nos),13,%
Star Health & Allied Insurance Co. Ltd.,2023-24,-,All Classes,Health,Repudiation Ratio (Amount),12,%
Star Health & Allied Insurance Co. Ltd.,2024-25,-,All Classes,Health,Gross Direct Premium Growth Rate,9.58,%
Star Health & Allied Insurance Co. Ltd.,2024-25,-,All Classes,Health,Net Retention Ratio,92.51,%
Star Health & Allied Insurance Co. Ltd.,2024-25,-,All Classes,Health,Gross Commission Ratio,16,%
Star Health & Allied Insurance Co. Ltd.,2024-25,-,All Classes,Health,Expense of Management to GDP Ratio,31.09,%
Star Health & Allied Insurance Co. Ltd.,2024-25,-,All Classes,Health,Expense of Management to NWP Ratio,30.8,%
Star Health & Allied Insurance Co. Ltd.,2024-25,-,All Classes,Health,Net Incurred Claims Ratio,70.3,%
Star Health & Allied Insurance Co. Ltd.,2024-25,-,All Classes,Health,Combined Ratio,101.09,%
Star Health & Allied Insurance Co. Ltd.,2024-25,-,All Classes,Health,Technical Reserves to Net Premium Ratio,0.68,Ratio
Star Health & Allied Insurance Co. Ltd.,2024-25,-,All Classes,Health,Solvency Margin,2.21,Ratio
Star Health & Allied Insurance Co. Ltd.,2024-25,-,All Classes,Health,Repudiation Ratio (Nos),12.3,%
Star Health & Allied Insurance Co. Ltd.,2024-25,-,All Classes,Health,Repudiation Ratio (Amount),11.5,%
Care Health Insurance Ltd.,2022-23,-,All Classes,Health,Gross Direct Premium Growth Rate,32,%
Care Health Insurance Ltd.,2022-23,-,All Classes,Health,Net Retention Ratio,88,%
Care Health Insurance Ltd.,2022-23,-,All Classes,Health,Gross Commission Ratio,14,%
Care Health Insurance Ltd.,2022-23,-,All Classes,Health,Expense of Management to GDP Ratio,40,%
Care Health Insurance Ltd.,2022-23,-,All Classes,Health,Expense of Management to NWP Ratio,38,%
Care Health Insurance Ltd.,2022-23,-,All Classes,Health,Net Incurred Claims Ratio,54,%
Care Health Insurance Ltd.,2022-23,-,All Classes,Health,Combined Ratio,92,%
Care Health Insurance Ltd.,2022-23,-,All Classes,Health,Technical Reserves to Net Premium Ratio,0.6,Ratio
Care Health Insurance Ltd.,2022-23,-,All Classes,Health,Solvency Margin,1.82,Ratio
Care Health Insurance Ltd.,2022-23,-,All Classes,Health,Repudiation Ratio (Nos),9,%
Care Health Insurance Ltd.,2022-23,-,All Classes,Health,Repudiation Ratio (Amount),14,%
Care Health Insurance Ltd.,2023-24,-,All Classes,Health,Gross Direct Premium Growth Rate,34,%
Care Health Insurance Ltd.,2023-24,-,All Classes,Health,Net Retention Ratio,86,%
Care Health Insurance Ltd.,2023-24,-,All Classes,Health,Gross Commission Ratio,20,%
Care Health Insurance Ltd.,2023-24,-,All Classes,Health,Expense of Management to GDP Ratio,37,%
Care Health Insurance Ltd.,2023-24,-,All Classes,Health,Expense of Management to NWP Ratio,37,%
Care Health Insurance Ltd.,2023-24,-,All Classes,Health,Net Incurred Claims Ratio,58,%
Care Health Insurance Ltd.,2023-24,-,All Classes,Health,Combined Ratio,95,%
Care Health Insurance Ltd.,2023-24,-,All Classes,Health,Technical Reserves to Net Premium Ratio,0.6,Ratio
Care Health Insurance Ltd.,2023-24,-,All Classes,Health,Solvency Margin,1.74,Ratio
Care Health Insurance Ltd.,2023-24,-,All Classes,Health,Repudiation Ratio (Nos),7,%
Care Health Insurance Ltd.,2023-24,-,All Classes,Health,Repudiation Ratio (Amount),11,%
Care Health Insurance Ltd.,2024-25,-,All Classes,Health,Gross Direct Premium Growth Rate,21,%
Care Health Insurance Ltd.,2024-25,-,All Classes,Health,Net Retention Ratio,79,%
Care Health Insurance Ltd.,2024-25,-,All Classes,Health,Gross Commission Ratio,21,%
Care Health Insurance Ltd.,2024-25,-,All Classes,Health,Expense of Management to GDP Ratio,36,%
Care Health Insurance Ltd.,2024-25,-,All Classes,Health,Expense of Management to NWP Ratio,38,%
Care Health Insurance Ltd.,2024-25,-,All Classes,Health,Net Incurred Claims Ratio,65,%
Care Health Insurance Ltd.,2024-25,-,All Classes,Health,Combined Ratio,103,%
Care Health Insurance Ltd.,2024-25,-,All Classes,Health,Technical Reserves to Net Premium Ratio,0.6,Ratio
Care Health Insurance Ltd.,2024-25,-,All Classes,Health,Solvency Margin,1.68,Ratio
Care Health Insurance Ltd.,2024-25,-,All Classes,Health,Repudiation Ratio (Nos),3,%
Care Health Insurance Ltd.,2024-25,-,All Classes,Health,Repudiation Ratio (Amount),6,%
Niva Bupa Health Insurance Co. Ltd.,2022-23,-,All Classes,Health,Gross Direct Premium Growth Rate,45,%
Niva Bupa Health Insurance Co. Ltd.,2022-23,-,All Classes,Health,Net Retention Ratio,78,%
Niva Bupa Health Insurance Co. Ltd.,2022-23,-,All Classes,Health,Gross Commission Ratio,12,%
Niva Bupa Health Insurance Co. Ltd.,2022-23,-,All Classes,Health,Expense of Management to GDP Ratio,41,%
Niva Bupa Health Insurance Co. Ltd.,2022-23,-,All Classes,Health,Expense of Management to NWP Ratio,53,%
Niva Bupa Health Insurance Co. Ltd.,2022-23,-,All Classes,Health,Net Incurred Claims Ratio,54,%
Niva Bupa Health Insurance Co. Ltd.,2022-23,-,All Classes,Health,Combined Ratio,97,%
Niva Bupa Health Insurance Co. Ltd.,2022-23,-,All Classes,Health,Technical Reserves to Net Premium Ratio,0.62,Ratio
Niva Bupa Health Insurance Co. Ltd.,2022-23,-,All Classes,Health,Solvency Margin,1.67,Ratio
Niva Bupa Health Insurance Co. Ltd.,2022-23,-,All Classes,Health,Repudiation Ratio (Nos),9,%
Niva Bupa Health Insurance Co. Ltd.,2022-23,-,All Classes,Health,Repudiation Ratio (Amount),13,%
Niva Bupa Health Insurance Co. Ltd.,2023-24,-,All Classes,Health,Gross Direct Premium Growth Rate,37.68,%
Niva Bupa Health Insurance Co. Ltd.,2023-24,-,All Classes,Health,Net Retention Ratio,79,%
Niva Bupa Health Insurance Co. Ltd.,2023-24,-,All Classes,Health,Gross Commission Ratio,21,%
Niva Bupa Health Insurance Co. Ltd.,2023-24,-,All Classes,Health,Expense of Management to GDP Ratio,39,%
Niva Bupa Health Insurance Co. Ltd.,2023-24,-,All Classes,Health,Expense of Management to NWP Ratio,50,%
Niva Bupa Health Insurance Co. Ltd.,2023-24,-,All Classes,Health,Net Incurred Claims Ratio,59,%
Niva Bupa Health Insurance Co. Ltd.,2023-24,-,All Classes,Health,Combined Ratio,99,%
Niva Bupa Health Insurance Co. Ltd.,2023-24,-,All Classes,Health,Technical Reserves to Net Premium Ratio,0.59,Ratio
Niva Bupa Health Insurance Co. Ltd.,2023-24,-,All Classes,Health,Solvency Margin,2.55,Ratio
Niva Bupa Health Insurance Co. Ltd.,2023-24,-,All Classes,Health,Repudiation Ratio (Nos),8,%
Niva Bupa Health Insurance Co. Ltd.,2023-24,-,All Classes,Health,Repudiation Ratio (Amount),12,%
Niva Bupa Health Insurance Co. Ltd.,2024-25,-,All Classes,Health,Gross Direct Premium Growth Rate,20.59,%
Niva Bupa Health Insurance Co. Ltd.,2024-25,-,All Classes,Health,Net Retention Ratio,79,%
Niva Bupa Health Insurance Co. Ltd.,2024-25,-,All Classes,Health,Gross Commission Ratio,23,%
Niva Bupa Health Insurance Co. Ltd.,2024-25,-,All Classes,Health,Expense of Management to GDP Ratio,39,%
Niva Bupa Health Insurance Co. Ltd.,2024-25,-,All Classes,Health,Expense of Management to NWP Ratio,49,%
Niva Bupa Health Insurance Co. Ltd.,2024-25,-,All Classes,Health,Net Incurred Claims Ratio,61,%
Niva Bupa Health Insurance Co. Ltd.,2024-25,-,All Classes,Health,Combined Ratio,101,%
Niva Bupa Health Insurance Co. Ltd.,2024-25,-,All Classes,Health,Technical Reserves to Net Premium Ratio,0.6,Ratio
Niva Bupa Health Insurance Co. Ltd.,2024-25,-,All Classes,Health,Solvency Margin,3.03,Ratio
Niva Bupa Health Insurance Co. Ltd.,2024-25,-,All Classes,Health,Repudiation Ratio (Nos),7,%
Niva Bupa Health Insurance Co. Ltd.,2024-25,-,All Classes,Health,Repudiation Ratio (Amount),13,%
ManipalCigna Health Insurance Co. Ltd.,2022-23,-,All Classes,Health,Gross Direct Premium Growth Rate,38,%
ManipalCigna Health Insurance Co. Ltd.,2022-23,-,All Classes,Health,Net Retention Ratio,96,%
ManipalCigna Health Insurance Co. Ltd.,2022-23,-,All Classes,Health,Gross Commission Ratio,11,%
ManipalCigna Health Insurance Co. Ltd.,2022-23,-,All Classes,Health,Expense of Management to GDP Ratio,49,%
ManipalCigna Health Insurance Co. Ltd.,2022-23,-,All Classes,Health,Expense of Management to NWP Ratio,50,%
ManipalCigna Health Insurance Co. Ltd.,2022-23,-,All Classes,Health,Net Incurred Claims Ratio,65,%
ManipalCigna Health Insurance Co. Ltd.,2022-23,-,All Classes,Health,Combined Ratio,116,%
ManipalCigna Health Insurance Co. Ltd.,2022-23,-,All Classes,Health,Technical Reserves to Net Premium Ratio,0.61,Ratio
ManipalCigna Health Insurance Co. Ltd.,2022-23,-,All Classes,Health,Solvency Margin,1.56,Ratio
ManipalCigna Health Insurance Co. Ltd.,2022-23,-,All Classes,Health,Repudiation Ratio (Nos),10,%
ManipalCigna Health Insurance Co. Ltd.,2022-23,-,All Classes,Health,Repudiation Ratio (Amount),20,%
ManipalCigna Health Insurance Co. Ltd.,2023-24,-,All Classes,Health,Gross Direct Premium Growth Rate,24,%
ManipalCigna Health Insurance Co. Ltd.,2023-24,-,All Classes,Health,Net Retention Ratio,96,%
ManipalCigna Health Insurance Co. Ltd.,2023-24,-,All Classes,Health,Gross Commission Ratio,21,%
ManipalCigna Health Insurance Co. Ltd.,2023-24,-,All Classes,Health,Expense of Management to GDP Ratio,45,%
ManipalCigna Health Insurance Co. Ltd.,2023-24,-,All Classes,Health,Expense of Management to NWP Ratio,47,%
ManipalCigna Health Insurance Co. Ltd.,2023-24,-,All Classes,Health,Net Incurred Claims Ratio,64,%
ManipalCigna Health Insurance Co. Ltd.,2023-24,-,All Classes,Health,Combined Ratio,111,%
ManipalCigna Health Insurance Co. Ltd.,2023-24,-,All Classes,Health,Technical Reserves to Net Premium Ratio,0.59,Ratio
ManipalCigna Health Insurance Co. Ltd.,2023-24,-,All Classes,Health,Solvency Margin,1.66,Ratio
ManipalCigna Health Insurance Co. Ltd.,2023-24,-,All Classes,Health,Repudiation Ratio (Nos),11,%
ManipalCigna Health Insurance Co. Ltd.,2023-24,-,All Classes,Health,Repudiation Ratio (Amount),19,%
ManipalCigna Health Insurance Co. Ltd.,2024-25,-,All Classes,Health,Gross Direct Premium Growth Rate,6,%
ManipalCigna Health Insurance Co. Ltd.,2024-25,-,All Classes,Health,Net Retention Ratio,96,%
ManipalCigna Health Insurance Co. Ltd.,2024-25,-,All Classes,Health,Gross Commission Ratio,20,%
ManipalCigna Health Insurance Co. Ltd.,2024-25,-,All Classes,Health,Expense of Management to GDP Ratio,42,%
ManipalCigna Health Insurance Co. Ltd.,2024-25,-,All Classes,Health,Expense of Management to NWP Ratio,40,%
ManipalCigna Health Insurance Co. Ltd.,2024-25,-,All Classes,Health,Net Incurred Claims Ratio,75,%
ManipalCigna Health Insurance Co. Ltd.,2024-25,-,All Classes,Health,Combined Ratio,115,%
ManipalCigna Health Insurance Co. Ltd.,2024-25,-,All Classes,Health,Technical Reserves to Net Premium Ratio,0.6,Ratio
ManipalCigna Health Insurance Co. Ltd.,2024-25,-,All Classes,Health,Solvency Margin,1.76,Ratio
ManipalCigna Health Insurance Co. Ltd.,2024-25,-,All Classes,Health,Repudiation Ratio (Nos),6,%
ManipalCigna Health Insurance Co. Ltd.,2024-25,-,All Classes,Health,Repudiation Ratio (Amount),16,%
Aditya Birla Health insurance Co. Ltd.,2022-23,-,All Classes,Health,Gross Direct Premium Growth Rate,57,%
Aditya Birla Health insurance Co. Ltd.,2022-23,-,All Classes,Health,Net Retention Ratio,83,%
Aditya Birla Health insurance Co. Ltd.,2022-23,-,All Classes,Health,Gross Commission Ratio,11,%
Aditya Birla Health insurance Co. Ltd.,2022-23,-,All Classes,Health,Expense of Management to GDP Ratio,43,%
Aditya Birla Health insurance Co. Ltd.,2022-23,-,All Classes,Health,Expense of Management to NWP Ratio,45,%
Aditya Birla Health insurance Co. Ltd.,2022-23,-,All Classes,Health,Net Incurred Claims Ratio,65,%
Aditya Birla Health insurance Co. Ltd.,2022-23,-,All Classes,Health,Combined Ratio,110,%
Aditya Birla Health insurance Co. Ltd.,2022-23,-,All Classes,Health,Technical Reserves to Net Premium Ratio,0.58,Ratio
Aditya Birla Health insurance Co. Ltd.,2022-23,-,All Classes,Health,Solvency Margin,2.63,Ratio
Aditya Birla Health insurance Co. Ltd.,2022-23,-,All Classes,Health,Repudiation Ratio (Nos),4,%
Aditya Birla Health insurance Co. Ltd.,2022-23,-,All Classes,Health,Repudiation Ratio (Amount),12,%
Aditya Birla Health insurance Co. Ltd.,2023-24,-,All Classes,Health,Gross Direct Premium Growth Rate,36,%
Aditya Birla Health insurance Co. Ltd.,2023-24,-,All Classes,Health,Net Retention Ratio,79,%
Aditya Birla Health insurance Co. Ltd.,2023-24,-,All Classes,Health,Gross Commission Ratio,20,%
Aditya Birla Health insurance Co. Ltd.,2023-24,-,All Classes,Health,Expense of Management to GDP Ratio,41,%
Aditya Birla Health insurance Co. Ltd.,2023-24,-,All Classes,Health,Expense of Management to NWP Ratio,42,%
Aditya Birla Health insurance Co. Ltd.,2023-24,-,All Classes,Health,Net Incurred Claims Ratio,68,%
Aditya Birla Health insurance Co. Ltd.,2023-24,-,All Classes,Health,Combined Ratio,110,%
Aditya Birla Health insurance Co. Ltd.,2023-24,-,All Classes,Health,Technical Reserves to Net Premium Ratio,0.57,Ratio
Aditya Birla Health insurance Co. Ltd.,2023-24,-,All Classes,Health,Solvency Margin,1.67,Ratio
Aditya Birla Health insurance Co. Ltd.,2023-24,-,All Classes,Health,Repudiation Ratio (Nos),4,%
Aditya Birla Health insurance Co. Ltd.,2023-24,-,All Classes,Health,Repudiation Ratio (Amount),11,%
Aditya Birla Health insurance Co. Ltd.,2024-25,-,All Classes,Health,Gross Direct Premium Growth Rate,30,%
Aditya Birla Health insurance Co. Ltd.,2024-25,-,All Classes,Health,Net Retention Ratio,74,%
Aditya Birla Health insurance Co. Ltd.,2024-25,-,All Classes,Health,Gross Commission Ratio,21,%
Aditya Birla Health insurance Co. Ltd.,2024-25,-,All Classes,Health,Expense of Management to GDP Ratio,39,%
Aditya Birla Health insurance Co. Ltd.,2024-25,-,All Classes,Health,Expense of Management to NWP Ratio,33,%
Aditya Birla Health insurance Co. Ltd.,2024-25,-,All Classes,Health,Net Incurred Claims Ratio,72,%
Aditya Birla Health insurance Co. Ltd.,2024-25,-,All Classes,Health,Combined Ratio,105,%
Aditya Birla Health insurance Co. Ltd.,2024-25,-,All Classes,Health,Technical Reserves to Net Premium Ratio,0.57,Ratio
Aditya Birla Health insurance Co. Ltd.,2024-25,-,All Classes,Health,Solvency Margin,1.84,Ratio
Aditya Birla Health insurance Co. Ltd.,2024-25,-,All Classes,Health,Repudiation Ratio (Nos),4,%
Aditya Birla Health insurance Co. Ltd.,2024-25,-,All Classes,Health,Repudiation Ratio (Amount),11,%
Galaxy Health Insurance Co. Ltd.,2024-25,-,All Classes,Health,Gross Direct Premium Growth Rate,0,%
Galaxy Health Insurance Co. Ltd.,2024-25,-,All Classes,Health,Net Retention Ratio,92,%
Galaxy Health Insurance Co. Ltd.,2024-25,-,All Classes,Health,Gross Commission Ratio,15,%
Galaxy Health Insurance Co. Ltd.,2024-25,-,All Classes,Health,Expense of Management to GDP Ratio,483,%
Galaxy Health Insurance Co. Ltd.,2024-25,-,All Classes,Health,Expense of Management to NWP Ratio,527,%
Galaxy Health Insurance Co. Ltd.,2024-25,-,All Classes,Health,Net Incurred Claims Ratio,8,%
Galaxy Health Insurance Co. Ltd.,2024-25,-,All Classes,Health,Combined Ratio,535,%
Galaxy Health Insurance Co. Ltd.,2024-25,-,All Classes,Health,Technical Reserves to Net Premium Ratio,0.53,Ratio
Galaxy Health Insurance Co. Ltd.,2024-25,-,All Classes,Health,Solvency Margin,4.7,Ratio
Galaxy Health Insurance Co. Ltd.,2024-25,-,All Classes,Health,Repudiation Ratio (Nos),17,%
Galaxy Health Insurance Co. Ltd.,2024-25,-,All Classes,Health,Repudiation Ratio (Amount),23,%
Narayana Health Insurance Ltd.,2024-25,-,All Classes,Health,Gross Direct Premium Growth Rate,0,%
Narayana Health Insurance Ltd.,2024-25,-,All Classes,Health,Net Retention Ratio,96,%
Narayana Health Insurance Ltd.,2024-25,-,All Classes,Health,Gross Commission Ratio,0,%
Narayana Health Insurance Ltd.,2024-25,-,All Classes,Health,Expense of Management to GDP Ratio,897,%
Narayana Health Insurance Ltd.,2024-25,-,All Classes,Health,Expense of Management to NWP Ratio,934,%
Narayana Health Insurance Ltd.,2024-25,-,All Classes,Health,Net Incurred Claims Ratio,57,%
Narayana Health Insurance Ltd.,2024-25,-,All Classes,Health,Combined Ratio,991,%
Narayana Health Insurance Ltd.,2024-25,-,All Classes,Health,Technical Reserves to Net Premium Ratio,0.78,Ratio
Narayana Health Insurance Ltd.,2024-25,-,All Classes,Health,Solvency Margin,1.61,Ratio
Narayana Health Insurance Ltd.,2024-25,-,All Classes,Health,Repudiation Ratio (Nos),0,%
Narayana Health Insurance Ltd.,2024-25,-,All Classes,Health,Repudiation Ratio (Amount),0,%
Niva Bupa Health Insurance Co. Ltd.,2024-25,-,All Classes,Health,Market Share(Only Health),5.59,%
Aditya Birla Health insurance Co. Ltd.,2024-25,-,All Classes,Health,Market Share(Only Health),3.75,%
Care Health Insurance Ltd.,2024-25,-,All Classes,Health,Market Share(Only Health),6.85,%
Galaxy Health Insurance Co. Ltd.,2024-25,-,All Classes,Health,Market Share(Only Health),0.01,%
ManipalCigna Health Insurance Co. Ltd.,2024-25,-,All Classes,Health,Market Share(Only Health),1.49,%
Narayana Health Insurance Ltd.,2024-25,-,All Classes,Health,Market Share(Only Health),0,%
Star Health & Allied Insurance Co. Ltd.,2024-25,-,All Classes,Health,Market Share(Only Health),13.92,%
